text,iab_label,confidence,source,labels
introduction to car culture,IAB2 Automotive,1.0,synthetic,
best buying/selling cars tips,IAB2 Automotive,1.0,synthetic,
why choose mustang turns 50,IAB2 Automotive,1.0,synthetic,
why choose vintage cars,IAB2 Automotive,0.9,synthetic,
latest news on 2015 volkswagen jetta,IAB2 Automotive,0.9,synthetic,
why choose mustang 50th birthday,IAB2 Automotive,0.9,synthetic,
latest news on 2015 volkwagen jetta,IAB2 Automotive,0.9,synthetic,
guide to road-side assistance,IAB2 Automotive,0.9,synthetic,
best electric vehicle tips,IAB2 Automotive,0.9,synthetic,
best 2014 cadillac elr tips,IAB2 Automotive,0.9,synthetic,
why choose auto parts,IAB2 Automotive,0.9,synthetic,
latest news on certified pre-owned,IAB2 Automotive,0.9,synthetic,
how to use cadillac elr,IAB2 Automotive,0.9,synthetic,
reviews about auto repair,IAB2 Automotive,0.9,synthetic,
what is toyota camry,IAB2 Automotive,0.9,synthetic,
learn about off-road vehicles,IAB2 Automotive,0.9,synthetic,
introduction to performance vehicles,IAB2 Automotive,0.9,synthetic,
Auto Repair,IAB2 Automotive,0.76,subcategories,
Hatchback,IAB2 Automotive,0.76,subcategories,
Diesel,IAB2 Automotive,0.76,subcategories,
Crossover,IAB2 Automotive,0.76,subcategories,
Wagon,IAB2 Automotive,0.76,subcategories,
Coupe,IAB2 Automotive,0.76,subcategories,
Convertible,IAB2 Automotive,0.76,subcategories,
Certified Pre-Owned,IAB2 Automotive,0.76,subcategories,
Mororcycles,IAB2 Automotive,0.76,subcategories,
Car Culture,IAB2 Automotive,0.76,subcategories,
Hybrid,IAB2 Automotive,0.76,subcategories,
Electric Vehicle,IAB2 Automotive,0.76,subcategories,
MiniVan,IAB2 Automotive,0.76,subcategories,
Sedan,IAB2 Automotive,0.76,subcategories,
Luxury,IAB2 Automotive,0.76,subcategories,
Off-Road Vehicles,IAB2 Automotive,0.76,subcategories,
Trucks & Accessories,IAB2 Automotive,0.76,subcategories,
Auto Parts,IAB2 Automotive,0.76,subcategories,
Vintage Cars,IAB2 Automotive,0.76,subcategories,
Road-Side Assistance,IAB2 Automotive,0.76,subcategories,
Pickup,IAB2 Automotive,0.76,subcategories,
Performance Vehicles,IAB2 Automotive,0.76,subcategories,
Buying/Selling Cars,IAB2 Automotive,0.76,subcategories,
hard hit camaro key turn,IAB2 Automotive,0.752,pseudo labeled,
fiat sinks red q1,IAB2 Automotive,0.7440000000000001,pseudo labeled,
Influence on Automotive Design and Engineering,IAB2 Automotive,0.7440000000000001,synthetic,
gm recall crisis lesson auto industry,IAB2 Automotive,0.7440000000000001,pseudo labeled,
The automotive industry has been a major driver of economic growth and innovation throughout the world.,IAB2 Automotive,0.7360000000000001,synthetic,
2014 cadillac elr,IAB2 Automotive,0.7280000000000001,pseudo labeled,
Auto repair is a challenging but rewarding field that offers opportunities for career growth and the satisfaction of helping others.,IAB2 Automotive,0.7280000000000001,synthetic,
cadillac elr,IAB2 Automotive,0.7280000000000001,pseudo labeled,
mustang turns 50,IAB2 Automotive,0.7280000000000001,pseudo labeled,
video cadillac elr v chevy volt smoking tire,IAB2 Automotive,0.7200000000000001,pseudo labeled,
mustang celebrating 50th birthday,IAB2 Automotive,0.7200000000000001,pseudo labeled,
burglary miley cyrus house maserati stolen,IAB2 Automotive,0.7200000000000001,pseudo labeled,
"The automotive industry is a major global industry that produces and sells motor vehicles, including cars, trucks, buses, and motorcycles.",IAB2 Automotive,0.7120000000000001,synthetic,
miley cyrus maserati stolen burglary,IAB2 Automotive,0.7120000000000001,pseudo labeled,
2015 volkwagen jetta,IAB2 Automotive,0.7120000000000001,pseudo labeled,
2015 volkswagen jetta,IAB2 Automotive,0.7120000000000001,pseudo labeled,
fiat chrysler boss pumps magic gas tank,IAB2 Automotive,0.7120000000000001,pseudo labeled,
hot executive revive acura,IAB2 Automotive,0.7040000000000001,pseudo labeled,
jeep grand cherokee srt8 lives 300 srt8,IAB2 Automotive,0.7040000000000001,pseudo labeled,
Key Figures: Pioneers of Automotive Innovation,IAB2 Automotive,0.7040000000000001,synthetic,
ford rolling 50 year mustang,IAB2 Automotive,0.7040000000000001,pseudo labeled,
toyota camry,IAB2 Automotive,0.7040000000000001,pseudo labeled,
toyota valuable auto brand,IAB2 Automotive,0.7040000000000001,pseudo labeled,
2014 cadillac cts right stuff,IAB2 Automotive,0.7040000000000001,pseudo labeled,
miley cyrus maserati quattroporte got stolen,IAB2 Automotive,0.7040000000000001,pseudo labeled,
2015 corvette z06 convertible big nasty drops top,IAB2 Automotive,0.7040000000000001,pseudo labeled,
"The buying and selling of cars is a key part of the automotive industry, and it has a significant impact on the economy.",IAB2 Automotive,0.7040000000000001,synthetic,
chrysler bmw others surge big may auto sales,IAB2 Automotive,0.7040000000000001,pseudo labeled,
lucky woman miley cyrus stolen maserati found,IAB2 Automotive,0.6960000000000001,pseudo labeled,
miley cyrus maserati stolen home,IAB2 Automotive,0.6960000000000001,pseudo labeled,
auto recalls time chrysler ford,IAB2 Automotive,0.6960000000000001,pseudo labeled,
corvette vs 911 rivalry rage forever,IAB2 Automotive,0.6960000000000001,pseudo labeled,
mustang 50th birthday,IAB2 Automotive,0.6960000000000001,pseudo labeled,
jeep ram tow fiat chrysler 50th straight sales gain,IAB2 Automotive,0.6960000000000001,pseudo labeled,
camaro switch glitch cited,IAB2 Automotive,0.6960000000000001,pseudo labeled,
mustang celebrates 50 years,IAB2 Automotive,0.6960000000000001,pseudo labeled,
fiat chrysler continues us sales increase streak,IAB2 Automotive,0.6960000000000001,pseudo labeled,
2015 corvette z06 convertible,IAB2 Automotive,0.6960000000000001,pseudo labeled,
lawsuit defect test automakers protection legal claims,IAB2 Automotive,0.6960000000000001,pseudo labeled,
2015 ford mustang convertible atop empire state building,IAB2 Automotive,0.6960000000000001,pseudo labeled,
2015 vw jetta superefficient toyota engines new york auto show todays,IAB2 Automotive,0.6960000000000001,pseudo labeled,
major auto recall mazda honda nissan,IAB2 Automotive,0.6960000000000001,pseudo labeled,
didnt take long another automaker make fun cadillacs poolside ad,IAB2 Automotive,0.6960000000000001,pseudo labeled,
auto manufacturer stocks tesla motors nasdaqtsla kandi technologies,IAB2 Automotive,0.6960000000000001,pseudo labeled,
miley cyrus stolen maserati found investigation continues,IAB2 Automotive,0.6960000000000001,pseudo labeled,
Historical Context: The Birth of the Automobile,IAB2 Automotive,0.6880000000000001,synthetic,
miley cyrus maserati stolen north hollywood home,IAB2 Automotive,0.6880000000000001,pseudo labeled,
2015 corvette z06 convertible revealed photovideo,IAB2 Automotive,0.6880000000000001,pseudo labeled,
2014 ford mustang gt overview,IAB2 Automotive,0.6880000000000001,pseudo labeled,
miley cyrus stolen maserati found,IAB2 Automotive,0.6880000000000001,pseudo labeled,
ford f150 pickup tops list americanmade,IAB2 Automotive,0.6880000000000001,pseudo labeled,
"The buying and selling of cars is a key part of the automotive industry, and it is likely to continue to evolve in the years to come.",IAB2 Automotive,0.6880000000000001,synthetic,
truck drive mercedes shows self driving system,IAB2 Automotive,0.6880000000000001,pseudo labeled,
2015 corvette z06 convertible inevitable,IAB2 Automotive,0.6880000000000001,pseudo labeled,
mercedesbenz g63 amg 6x6 gets stuck beach happened,IAB2 Automotive,0.68,pseudo labeled,
flextronics automotive group provides engineering support new jeep,IAB2 Automotive,0.68,pseudo labeled,
new 2015 camry ready take comers,IAB2 Automotive,0.68,pseudo labeled,
ford f150 chevrolet corvette dodge viper american vehicles america,IAB2 Automotive,0.68,pseudo labeled,
recent happenings auto industry tesla motors inc nasdaqtsla ford,IAB2 Automotive,0.68,pseudo labeled,
cadillac introduce wireless charging,IAB2 Automotive,0.68,pseudo labeled,
video ford mustang turns 50 today,IAB2 Automotive,0.68,pseudo labeled,
new york auto show jaguar f type alfa romeo dodge,IAB2 Automotive,0.68,pseudo labeled,
ford mustang proudly sitting atop empire state building pictures,IAB2 Automotive,0.68,pseudo labeled,
new cadillacs offer wireless phone charging,IAB2 Automotive,0.68,pseudo labeled,
fiat 500l recalled faulty knee airbags,IAB2 Automotive,0.68,pseudo labeled,
porsche tops jd power quality survey,IAB2 Automotive,0.68,pseudo labeled,
google android developers show 2014 android auto automobiles,IAB2 Automotive,0.68,pseudo labeled,
2015 jeep renegade close,IAB2 Automotive,0.68,pseudo labeled,
earnings toyota motor expected fall,IAB2 Automotive,0.68,pseudo labeled,
camaro wishes mustang happy 50th birthday,IAB2 Automotive,0.68,pseudo labeled,
ipo preview truecar true,IAB2 Automotive,0.68,pseudo labeled,
someone stole miley cyrus maserati,IAB2 Automotive,0.68,pseudo labeled,
tesla motors musk auto industry patents belong,IAB2 Automotive,0.68,pseudo labeled,
still another recall general motors time camaro,IAB2 Automotive,0.68,pseudo labeled,
miley cyrus stolen maserati found days burglary,IAB2 Automotive,0.68,pseudo labeled,
mustang birthday,IAB2 Automotive,0.68,pseudo labeled,
android auto simplified android car,IAB2 Automotive,0.672,pseudo labeled,
editorial toyota loss latest example failed leadership,IAB2 Automotive,0.672,pseudo labeled,
chrysler 690m,IAB2 Automotive,0.672,pseudo labeled,
mileys maserati stolen,IAB2 Automotive,0.672,pseudo labeled,
google becoming car manufacturer,IAB2 Automotive,0.672,pseudo labeled,
paul walkers accident investigators say porsche carrera gt 93 mph,IAB2 Automotive,0.672,pseudo labeled,
miley cyruss 61000 maserati quattroporte stolen,IAB2 Automotive,0.672,pseudo labeled,
new volkswagen jetta promises improved efficiency safety,IAB2 Automotive,0.672,pseudo labeled,
fiat chryslers 5year plan americans,IAB2 Automotive,0.672,pseudo labeled,
2015 ford mustang convertible recreate empire state building stunt,IAB2 Automotive,0.672,pseudo labeled,
fiat shares sink plan financing,IAB2 Automotive,0.672,pseudo labeled,
auto sales,IAB2 Automotive,0.672,pseudo labeled,
The pickup truck is a testament to the ingenuity and adaptability of the automotive industry.,IAB2 Automotive,0.672,synthetic,
fiat chrysler shares plunge poor results,IAB2 Automotive,0.672,pseudo labeled,
motorolas next handset roll may,IAB2 Automotive,0.672,pseudo labeled,
2015 volkswagen jetta first look,IAB2 Automotive,0.672,pseudo labeled,
batman arkham knight batmobile car tank,IAB2 Automotive,0.672,pseudo labeled,
take ford mustang turns 50,IAB2 Automotive,0.664,pseudo labeled,
omg french bought khloe jeep 30th birthday,IAB2 Automotive,0.664,pseudo labeled,
gm recalling camaro,IAB2 Automotive,0.664,pseudo labeled,
2015 cadillac ats feature wireless smartphone charging,IAB2 Automotive,0.664,pseudo labeled,
miley cyrus stolen maserati found simi valley police say,IAB2 Automotive,0.664,pseudo labeled,
tmobile faces accusations,IAB2 Automotive,0.664,pseudo labeled,
fiat chryslers 5year plan italians,IAB2 Automotive,0.664,pseudo labeled,
perfect formula consumer reports ranks bmw m235i porsche 911,IAB2 Automotive,0.664,pseudo labeled,
obamas robot pal tapped honda driverlessauto edge cars,IAB2 Automotive,0.664,pseudo labeled,
fords mustang turns 50,IAB2 Automotive,0.664,pseudo labeled,
auto boom continues big 3 despite numbers,IAB2 Automotive,0.664,pseudo labeled,
fiat chrysler automobiles headquartered italy us,IAB2 Automotive,0.664,pseudo labeled,
teslas new model called model 3,IAB2 Automotive,0.664,pseudo labeled,
2014 jeep cherokee review,IAB2 Automotive,0.664,pseudo labeled,
2015 jeep renegade capablemighty capable,IAB2 Automotive,0.664,pseudo labeled,
burglars stole miley cyruss new maserati,IAB2 Automotive,0.664,pseudo labeled,
google brings android car android auto,IAB2 Automotive,0.664,pseudo labeled,
fiat chrysler posts small profit special charge,IAB2 Automotive,0.664,pseudo labeled,
"The automotive industry is facing a number of challenges, but it is expected to continue to grow in the coming years.",IAB2 Automotive,0.664,synthetic,
chrysler dropping minivan avenger dodge,IAB2 Automotive,0.664,pseudo labeled,
miley cyrus stolen maserati located police,IAB2 Automotive,0.664,pseudo labeled,
miley cyrus los angeles mansion burglarized new maserati,IAB2 Automotive,0.664,pseudo labeled,
fiat chrysler lays global push,IAB2 Automotive,0.664,pseudo labeled,
meet corvette z06 convertible,IAB2 Automotive,0.664,pseudo labeled,
volvo audi roll android autoenabled cars year,IAB2 Automotive,0.656,pseudo labeled,
fiat chrysler automobiles earns shareholder approval,IAB2 Automotive,0.656,pseudo labeled,
miley cyrus stolen maserati recovered police,IAB2 Automotive,0.656,pseudo labeled,
fords fields follows legend leaving automaker prime,IAB2 Automotive,0.656,pseudo labeled,
mustang turns half century,IAB2 Automotive,0.656,pseudo labeled,
chrysler issues minivan recall,IAB2 Automotive,0.656,pseudo labeled,
honda mazda nissan recall autos airbag issue,IAB2 Automotive,0.656,pseudo labeled,
google appears heading car business,IAB2 Automotive,0.656,pseudo labeled,
buick shaking recall stigma ease enjoying sales growth,IAB2 Automotive,0.656,pseudo labeled,
ford cadillac theres another america,IAB2 Automotive,0.656,pseudo labeled,
"The automotive industry is constantly evolving, and the way that cars are bought and sold is changing as well.",IAB2 Automotive,0.656,synthetic,
extra scoop miley cyrus stolen maserati found,IAB2 Automotive,0.656,pseudo labeled,
commence burnouts 2015 mustang gt gets standard line lock,IAB2 Automotive,0.656,pseudo labeled,
fiat chrysler relaunch alfa romeo,IAB2 Automotive,0.656,pseudo labeled,
2015 mercedesbenz gla45 amg first drive,IAB2 Automotive,0.656,pseudo labeled,
mustang conquered america,IAB2 Automotive,0.656,pseudo labeled,
fiat shares lower doubts capital structure fiat chrysler automobiles,IAB2 Automotive,0.656,pseudo labeled,
auto sales 2 percent march chrysler jeep leading pack,IAB2 Automotive,0.656,pseudo labeled,
output indian ambassador car halted,IAB2 Automotive,0.6480000000000001,pseudo labeled,
fords new ad tweaks cadillac theyre making point,IAB2 Automotive,0.6480000000000001,pseudo labeled,
automakers dynamite march,IAB2 Automotive,0.6480000000000001,pseudo labeled,
jeep renegade arrives china beijing auto show,IAB2 Automotive,0.6480000000000001,pseudo labeled,
air bag recall spreads automakers,IAB2 Automotive,0.6480000000000001,pseudo labeled,
next cadillac srx built former saturn factory,IAB2 Automotive,0.6480000000000001,pseudo labeled,
2015 vw jetta makes global debut new york auto show,IAB2 Automotive,0.6480000000000001,pseudo labeled,
video mercedesbenz amg gt spied ring,IAB2 Automotive,0.6480000000000001,pseudo labeled,
someone stole miley cyrus maserati quattroporte,IAB2 Automotive,0.6480000000000001,pseudo labeled,
mustang celebrates milestone atop empire state building,IAB2 Automotive,0.6480000000000001,pseudo labeled,
cadillacs new wireless charging probably wont work phone,IAB2 Automotive,0.6480000000000001,pseudo labeled,
police found miley cyrus stolen maserati youre hook,IAB2 Automotive,0.6480000000000001,pseudo labeled,
investors rev engines truecars ipo true,IAB2 Automotive,0.6480000000000001,pseudo labeled,
halo effect ford mustang turns 50,IAB2 Automotive,0.6480000000000001,pseudo labeled,
may auto sales canada chrysler ford,IAB2 Automotive,0.6480000000000001,pseudo labeled,
tesla tsla doesnt crack top 50 mostvaluable auto brands f gm,IAB2 Automotive,0.6480000000000001,pseudo labeled,
car industry struggles solve air bag explosions,IAB2 Automotive,0.6480000000000001,pseudo labeled,
2015 mercedes mclass facelift rendered,IAB2 Automotive,0.6480000000000001,pseudo labeled,
better watch guys car,IAB2 Automotive,0.6480000000000001,pseudo labeled,
google brings android os car android auto,IAB2 Automotive,0.6480000000000001,pseudo labeled,
official report paul walker crashed porsche driving 94 mph,IAB2 Automotive,0.6480000000000001,pseudo labeled,
"Auto repair has a significant influence on the automotive industry by ensuring the safety and reliability of vehicles, reducing downtime, and enhancing customer satisfaction.",IAB2 Automotive,0.6480000000000001,synthetic,
The Role of Vintage Cars in Automotive Museums,IAB2 Automotive,0.6480000000000001,synthetic,
honda motor hmc stock higher today,IAB2 Automotive,0.6400000000000001,pseudo labeled,
miley cyrus stolen maserati spotted simi valley police investigate incident,IAB2 Automotive,0.6400000000000001,pseudo labeled,
teslas fire fix model get titanium battery shield,IAB2 Automotive,0.6400000000000001,pseudo labeled,
2008 2011 mercedesbenz cclass recalled taillight flaw fire hazard,IAB2 Automotive,0.6400000000000001,pseudo labeled,
2013 chevrolet camaro zl1,IAB2 Automotive,0.6400000000000001,pseudo labeled,
2015 ford mustang 50th anniversary edition heading new york auto show,IAB2 Automotive,0.6400000000000001,pseudo labeled,
honda exploding airbags,IAB2 Automotive,0.6400000000000001,pseudo labeled,
fiat chrysler vows put jeep back top,IAB2 Automotive,0.6400000000000001,pseudo labeled,
driving seat chinas yuppies new market force global automakers,IAB2 Automotive,0.6400000000000001,pseudo labeled,
monthly auto sales show consistent growth,IAB2 Automotive,0.6400000000000001,pseudo labeled,
truecar true stock today,IAB2 Automotive,0.6400000000000001,pseudo labeled,
teslas allelectric car masses called model iii,IAB2 Automotive,0.6400000000000001,pseudo labeled,
tesla motors inc tsla model highly vulnerable hacking,IAB2 Automotive,0.6400000000000001,pseudo labeled,
cory johnson tesla motors inc tsla model car millionaires,IAB2 Automotive,0.6400000000000001,pseudo labeled,
fiat chrysler hope rides jeep alfa,IAB2 Automotive,0.6400000000000001,pseudo labeled,
fords takedown cadillac poolside ad perfect,IAB2 Automotive,0.6400000000000001,pseudo labeled,
ford f150 top americanmade second year,IAB2 Automotive,0.6400000000000001,pseudo labeled,
iconic carmaker fiat leaves italy 115 years chrysler merger finalized,IAB2 Automotive,0.6400000000000001,pseudo labeled,
volkswagen takes second place global auto race,IAB2 Automotive,0.6400000000000001,pseudo labeled,
fiat chrysler coming india specific plans,IAB2 Automotive,0.6400000000000001,pseudo labeled,
chrysler recalls fiat 500ls fix air bags,IAB2 Automotive,0.6400000000000001,pseudo labeled,
motorola moto e images specs leaked ahead official launch,IAB2 Automotive,0.6400000000000001,pseudo labeled,
2014 ford fusion jeep wrangler nissan versa lead sizzling july auto sales,IAB2 Automotive,0.6400000000000001,pseudo labeled,
"Auto repair is a crucial aspect of the automotive industry, ensuring the safety, reliability, and performance of vehicles.",IAB2 Automotive,0.6400000000000001,synthetic,
tmobile gets ftc damning cramming,IAB2 Automotive,0.6400000000000001,pseudo labeled,
chrysler group automaker jeep dodge brands saw us auto sales jump,IAB2 Automotive,0.6400000000000001,pseudo labeled,
porsche ranks number one quality study second year row,IAB2 Automotive,0.6320000000000001,pseudo labeled,
mazda honda nissan recall millions defective airbags,IAB2 Automotive,0.6320000000000001,pseudo labeled,
fiat shares climb takeover rumour,IAB2 Automotive,0.6320000000000001,pseudo labeled,
The Importance of Preservation: Maintaining Automotive Heritage,IAB2 Automotive,0.6320000000000001,synthetic,
general motors ceo mary barra nhtsa face congress 26millioncar,IAB2 Automotive,0.6320000000000001,pseudo labeled,
kind car steering wheel brakes one google,IAB2 Automotive,0.6320000000000001,pseudo labeled,
general motors recalls 34 million cars ignition problems,IAB2 Automotive,0.6320000000000001,pseudo labeled,
teslas next car bmw 3series fighting model 3,IAB2 Automotive,0.6320000000000001,pseudo labeled,
july auto sales gm toyota surge ahead volkswagens sales continue,IAB2 Automotive,0.6320000000000001,pseudo labeled,
camaro sends cheeky 50th birthday card mustang,IAB2 Automotive,0.6320000000000001,pseudo labeled,
selfdriving car,IAB2 Automotive,0.6320000000000001,pseudo labeled,
chrysler ford say canada auto sales trucks,IAB2 Automotive,0.6320000000000001,pseudo labeled,
daimler renaultnissan build 14b autoplant mexico,IAB2 Automotive,0.6320000000000001,pseudo labeled,
bmw x7 suv confirmed,IAB2 Automotive,0.6320000000000001,pseudo labeled,
large recalls ford chrysler,IAB2 Automotive,0.6320000000000001,pseudo labeled,
chrysler ax grand caravan,IAB2 Automotive,0.6320000000000001,pseudo labeled,
fiat chrysler boost investment research development,IAB2 Automotive,0.6320000000000001,pseudo labeled,
Auto repair is a dynamic field that is constantly evolving to meet the changing needs of the automotive industry and the demands of vehicle owners.,IAB2 Automotive,0.6320000000000001,synthetic,
volkswagen inches close toyota global auto leader,IAB2 Automotive,0.6320000000000001,pseudo labeled,
ram pickup jeep grand cherokee push improvement chrysler,IAB2 Automotive,0.6320000000000001,pseudo labeled,
lady driver mustang shifted gears toward women,IAB2 Automotive,0.6240000000000001,pseudo labeled,
happy birthday mustang,IAB2 Automotive,0.6240000000000001,pseudo labeled,
auto industry breaks car recall record,IAB2 Automotive,0.6240000000000001,pseudo labeled,
another gm recall camaro ignition switch problem cause crashes,IAB2 Automotive,0.6240000000000001,pseudo labeled,
car industry struggles solve air bag fiasco,IAB2 Automotive,0.6240000000000001,pseudo labeled,
fiat chrysler unveils aggressive fiveyear plan,IAB2 Automotive,0.6240000000000001,pseudo labeled,
driverless cars mastering streets,IAB2 Automotive,0.6240000000000001,pseudo labeled,
another 3 million gm cars recalled,IAB2 Automotive,0.6240000000000001,pseudo labeled,
general motors recalls 24 million cars,IAB2 Automotive,0.6240000000000001,pseudo labeled,
2015 chevy corvette z06 convertible drops top early,IAB2 Automotive,0.6240000000000001,pseudo labeled,
fiat chrysler drop dodge minivan wider revamp,IAB2 Automotive,0.6240000000000001,pseudo labeled,
fiat shares jump vw takeover rumour,IAB2 Automotive,0.6240000000000001,pseudo labeled,
2015 dodge challenger srt produces whopping 707 horsepower,IAB2 Automotive,0.6240000000000001,pseudo labeled,
jeep leads way chryslers best may 7 years,IAB2 Automotive,0.6240000000000001,pseudo labeled,
mercedes h1 sales tally record,IAB2 Automotive,0.6240000000000001,pseudo labeled,
watch fords righteous rejoinder smug cadillac ad everyone hates,IAB2 Automotive,0.6240000000000001,pseudo labeled,
beijing auto show starts,IAB2 Automotive,0.6240000000000001,pseudo labeled,
2015 corvette z06 convertible hit 60 mph 35 seconds,IAB2 Automotive,0.6240000000000001,pseudo labeled,
wrongful death suit filed general motors claims automaker knew,IAB2 Automotive,0.6240000000000001,pseudo labeled,
"Key figures in the luxury automotive industry include iconic brands such as Rolls-Royce, Bentley, and Mercedes-Maybach, which have established a legacy of excellence and exclusivity.",IAB2 Automotive,0.6240000000000001,synthetic,
steal miley cyrus maserati,IAB2 Automotive,0.6240000000000001,pseudo labeled,
ny judge approves 12b fraud penalty toyota,IAB2 Automotive,0.6240000000000001,pseudo labeled,
fiat chrysler automobiles reveals future plans,IAB2 Automotive,0.6240000000000001,pseudo labeled,
first look android auto audi chevy honda video,IAB2 Automotive,0.6240000000000001,pseudo labeled,
tmobile volte heads seattle,IAB2 Automotive,0.6240000000000001,pseudo labeled,
mustang top empire state building,IAB2 Automotive,0.6240000000000001,pseudo labeled,
"The auto parts industry is a major contributor to the global economy, with a significant impact on the lives of people around the world.",IAB2 Automotive,0.6160000000000001,synthetic,
new 2015 toyota camry struts stuff new york,IAB2 Automotive,0.6160000000000001,pseudo labeled,
era frontwheel drive alfa romeo,IAB2 Automotive,0.6160000000000001,pseudo labeled,
chrysler investigated ignition switch problem,IAB2 Automotive,0.6160000000000001,pseudo labeled,
800000 honda odysseys recalled fiery death risk,IAB2 Automotive,0.6160000000000001,pseudo labeled,
gm recalls 316 million cars ignition defect,IAB2 Automotive,0.6160000000000001,pseudo labeled,
ford tesla motors automotive assembly line evolved,IAB2 Automotive,0.6160000000000001,pseudo labeled,
gm recalls 1 million suvs due air bag problems,IAB2 Automotive,0.6160000000000001,pseudo labeled,
gm faced cadillac ignition switch issue 2006,IAB2 Automotive,0.6160000000000001,pseudo labeled,
hong kong stocks extend gains auto rally,IAB2 Automotive,0.6160000000000001,pseudo labeled,
ford upside ad slaps cadillac upside head,IAB2 Automotive,0.6160000000000001,pseudo labeled,
The pickup truck is a testament to the enduring power of innovation and the ability of the automotive industry to adapt to changing needs.,IAB2 Automotive,0.6160000000000001,synthetic,
Auto racing is a global phenomenon that transcends cultural and geographical boundaries.,IAB2 Automotive,0.6160000000000001,synthetic,
chrysler group antilock brake recall affects 25000 suvs,IAB2 Automotive,0.6160000000000001,pseudo labeled,
chrysler recall moves faster expected,IAB2 Automotive,0.6160000000000001,pseudo labeled,
images details motorolas upcoming moto e leaked,IAB2 Automotive,0.6160000000000001,pseudo labeled,
2014 new york auto show live jeep renegade,IAB2 Automotive,0.6160000000000001,pseudo labeled,
"Auto repair is a vital part of the automotive industry, ensuring the safety, reliability, and performance of vehicles, and its importance is expected to continue to grow in the future.",IAB2 Automotive,0.6160000000000001,synthetic,
two ford recalls faulty software sticking door handles issue,IAB2 Automotive,0.6160000000000001,pseudo labeled,
fiat chrysler reveals plans grow sales,IAB2 Automotive,0.6160000000000001,pseudo labeled,
grand theft auto v makers sued lindsay lohan,IAB2 Automotive,0.6160000000000001,pseudo labeled,
let go grand theft auto iv cathartic frozen mods,IAB2 Automotive,0.6160000000000001,pseudo labeled,
july auto sales continue blistering pace ford gm chrysler gain,IAB2 Automotive,0.6160000000000001,pseudo labeled,
completely redesigned 2015 toyota camry revealed 2014 new york auto,IAB2 Automotive,0.6160000000000001,pseudo labeled,
hyundai recalling thousands sonatas,IAB2 Automotive,0.6160000000000001,pseudo labeled,
ford chrysler toyota see march auto sales warm winter fades,IAB2 Automotive,0.6160000000000001,pseudo labeled,
honda odyssey recalled due fuel pump creating fire risk,IAB2 Automotive,0.6160000000000001,pseudo labeled,
fiatchrysler one global automaker marchionne says,IAB2 Automotive,0.6160000000000001,pseudo labeled,
model car,IAB2 Automotive,0.6160000000000001,pseudo labeled,
infiniti decherd powertrain launches job one,IAB2 Automotive,0.6160000000000001,pseudo labeled,
fiat chrysler posts 690m q1 loss,IAB2 Automotive,0.6160000000000001,pseudo labeled,
gm issues 3 recalls 474k autos,IAB2 Automotive,0.6160000000000001,pseudo labeled,
chinas yuppies new global auto market force,IAB2 Automotive,0.6160000000000001,pseudo labeled,
chevy cruze recalled due air bags problem,IAB2 Automotive,0.6160000000000001,pseudo labeled,
v6 powered ford f150 pickup boosts automakers sales,IAB2 Automotive,0.6160000000000001,pseudo labeled,
ford mustang turns 50,IAB2 Automotive,0.6160000000000001,pseudo labeled,
mercedes g63 amg 6x6 rendering carlex design,IAB2 Automotive,0.6160000000000001,pseudo labeled,
2015 cadillac ats gets powermat wireless charging smartphones,IAB2 Automotive,0.6160000000000001,pseudo labeled,
2015 ford mustang 50th anniversary edition launched new york auto show,IAB2 Automotive,0.6160000000000001,pseudo labeled,
ford mustang american icon turns 50,IAB2 Automotive,0.6080000000000001,pseudo labeled,
redesigned toyota camry launched new york,IAB2 Automotive,0.6080000000000001,pseudo labeled,
teslas model crush concrete new underbody shields,IAB2 Automotive,0.6080000000000001,pseudo labeled,
legendary ford mustang turns 50,IAB2 Automotive,0.6080000000000001,pseudo labeled,
daimler renaultnissan detail latest jv,IAB2 Automotive,0.6080000000000001,pseudo labeled,
amazons classic take classics,IAB2 Automotive,0.6080000000000001,pseudo labeled,
teslas model titanium underbody shield reduce risk battery,IAB2 Automotive,0.6080000000000001,pseudo labeled,
toyota camry gets makeover,IAB2 Automotive,0.6080000000000001,pseudo labeled,
miley cyrus 350k maserati stolen second house burglary,IAB2 Automotive,0.6080000000000001,pseudo labeled,
european car sales climbing still lot lost ground left cover,IAB2 Automotive,0.6080000000000001,pseudo labeled,
car recall list,IAB2 Automotive,0.6080000000000001,pseudo labeled,
"### 21. JavaScript's Contribution to the Automotive Industry: Connected Cars, In-Vehicle Infotainment Systems, and Autonomous Driving",IAB2 Automotive,0.6080000000000001,synthetic,
vodafone expands car electronics cobra automotive technologies,IAB2 Automotive,0.6080000000000001,pseudo labeled,
general motors recalls another 3 million cars,IAB2 Automotive,0.6080000000000001,pseudo labeled,
"The automotive industry is undergoing a significant transformation, with electric vehicles (EVs) playing a central role.",IAB2 Automotive,0.6080000000000001,synthetic,
electric automaker tesla motors loses 50 million q1,IAB2 Automotive,0.6080000000000001,pseudo labeled,
ford mustang turns 50 hint midlife crisis,IAB2 Automotive,0.6080000000000001,pseudo labeled,
automakers impacted air bag recall,IAB2 Automotive,0.6080000000000001,pseudo labeled,
video cadillac atsv sedan flies around ring,IAB2 Automotive,0.6080000000000001,pseudo labeled,
bar car 1,IAB2 Automotive,0.6080000000000001,pseudo labeled,
chrysler drop dodge minivan wide revamp,IAB2 Automotive,0.6080000000000001,pseudo labeled,
automakers recall millions cars defective air bags,IAB2 Automotive,0.6080000000000001,pseudo labeled,
fiat 500x jeep renegades platform 2014 paris motor show,IAB2 Automotive,0.6080000000000001,pseudo labeled,
air bag accident lawsuit led gm cruze recall,IAB2 Automotive,0.6080000000000001,pseudo labeled,
general motors move cadillac srx production spring hill tennessee,IAB2 Automotive,0.6080000000000001,pseudo labeled,
fiat chrysler ceo marchionne stick automaker 2018,IAB2 Automotive,0.6080000000000001,pseudo labeled,
"The auto parts industry is a major contributor to the global economy, with annual sales of over $1 trillion.",IAB2 Automotive,0.6080000000000001,synthetic,
stole miley cyrus maserati,IAB2 Automotive,0.6080000000000001,pseudo labeled,
porsche hyundai lead 2014 jd power initial quality results,IAB2 Automotive,0.6080000000000001,pseudo labeled,
chrysler recalls 25000 jeep grand cherokees dodge durangos,IAB2 Automotive,0.6080000000000001,pseudo labeled,
man drives camaro bridge drag race tie probed,IAB2 Automotive,0.6080000000000001,pseudo labeled,
fiat shares shed 10 pct plan financing concerns,IAB2 Automotive,0.6080000000000001,pseudo labeled,
auto sales grow 11 july chrysler sales surge 20,IAB2 Automotive,0.6080000000000001,pseudo labeled,
gm recalls 510000 camaros ignition problem linked 3 crashes,IAB2 Automotive,0.6080000000000001,pseudo labeled,
general motors recalls another 336 million defective cars,IAB2 Automotive,0.6080000000000001,pseudo labeled,
"The auto parts industry is a major player in the global economy, with a significant impact on the lives of people around the world.",IAB2 Automotive,0.6080000000000001,synthetic,
chrysler says jeep help lead revival,IAB2 Automotive,0.6080000000000001,pseudo labeled,
2015 chevrolet trax small suv rolls back america,IAB2 Automotive,0.6080000000000001,pseudo labeled,
f150 tops shrinking list american vehicles,IAB2 Automotive,0.6080000000000001,pseudo labeled,
happy birthday ford mustang turns 50,IAB2 Automotive,0.6080000000000001,pseudo labeled,
gm us car sales,IAB2 Automotive,0.6000000000000001,pseudo labeled,
toyotas 12 billion fine gm recall highlight defects us auto safety,IAB2 Automotive,0.6000000000000001,pseudo labeled,
lindsay lohan sues grand theft auto,IAB2 Automotive,0.6000000000000001,pseudo labeled,
driverless cars mastering cities,IAB2 Automotive,0.6000000000000001,pseudo labeled,
auto industry breaks recall record,IAB2 Automotive,0.6000000000000001,pseudo labeled,
mustang 50th birthday celebration,IAB2 Automotive,0.6000000000000001,pseudo labeled,
powermat wireless phone charging comes cadillac vehicles,IAB2 Automotive,0.6000000000000001,pseudo labeled,
mercedes rolls madeinindia s500,IAB2 Automotive,0.6000000000000001,pseudo labeled,
obamas robot pal tapped honda driverless car edge,IAB2 Automotive,0.6000000000000001,pseudo labeled,
infiniti mercedesbenz built new 1b mexico plant,IAB2 Automotive,0.6000000000000001,pseudo labeled,
motorola prepares 360 launch,IAB2 Automotive,0.6000000000000001,pseudo labeled,
fiat chrysler boost output 6 million cars year,IAB2 Automotive,0.6000000000000001,pseudo labeled,
video nj emt dancing ambulance becomes viral hit,IAB2 Automotive,0.6000000000000001,pseudo labeled,
first corvette z06 sells 1m auction,IAB2 Automotive,0.6000000000000001,pseudo labeled,
chrysler drop dodge minivan wider revamp,IAB2 Automotive,0.6000000000000001,pseudo labeled,
thanks gm fiat chrysler facing ignition recall,IAB2 Automotive,0.6000000000000001,pseudo labeled,
general motors recalls 63900 cadillac xts sedans possible overheating,IAB2 Automotive,0.6000000000000001,pseudo labeled,
gasolineloving spiders prompt another mazda recall,IAB2 Automotive,0.6000000000000001,pseudo labeled,
1st 2015 chevrolet corvette z06 auctioned benefit detroitbased cancer,IAB2 Automotive,0.6000000000000001,pseudo labeled,
vw closes toyota global auto leader,IAB2 Automotive,0.6000000000000001,pseudo labeled,
recall alert 20132014 ford fusion escape cmax lincoln mkz,IAB2 Automotive,0.6000000000000001,pseudo labeled,
brief volkswagen moves reverse sales slide us,IAB2 Automotive,0.6000000000000001,pseudo labeled,
chevrolet corvette z06 convertible,IAB2 Automotive,0.6000000000000001,pseudo labeled,
mercedesbenz sales alltime high,IAB2 Automotive,0.6000000000000001,pseudo labeled,
chrysler speeding jeep fixes,IAB2 Automotive,0.6000000000000001,pseudo labeled,
miley cyrus stolen maserati found cops adore law enforcement,IAB2 Automotive,0.6000000000000001,pseudo labeled,
chrysler faces major new recall,IAB2 Automotive,0.6000000000000001,pseudo labeled,
chrysler recall work,IAB2 Automotive,0.6000000000000001,pseudo labeled,
new cadillac built spring hill,IAB2 Automotive,0.6000000000000001,pseudo labeled,
say hello motorola moto e video,IAB2 Automotive,0.6000000000000001,pseudo labeled,
two million vehicles recalled honda,IAB2 Automotive,0.6000000000000001,pseudo labeled,
weather incentives help lift march us auto sales,IAB2 Automotive,0.6000000000000001,pseudo labeled,
march 2014 big 8 us auto sales numbers gm ford chrysler,IAB2 Automotive,0.6000000000000001,pseudo labeled,
sinkhole likely stay part corvette museum bowling green ky,IAB2 Automotive,0.6000000000000001,pseudo labeled,
car recalls general motors,IAB2 Automotive,0.6000000000000001,pseudo labeled,
car loan companies german automakers successful 2013,IAB2 Automotive,0.6000000000000001,pseudo labeled,
itsy bitsy spiders result kizashi auto recall,IAB2 Automotive,0.592,pseudo labeled,
hyundai motor cuts fuel economy new sonata says made error,IAB2 Automotive,0.592,pseudo labeled,
12b fine settle probe delivers relief toyota,IAB2 Automotive,0.592,pseudo labeled,
european car sales sixth month row,IAB2 Automotive,0.592,pseudo labeled,
ford mustang celebrates 50 years,IAB2 Automotive,0.592,pseudo labeled,
google io android autonew operating system cars,IAB2 Automotive,0.592,pseudo labeled,
cadillacs add wireless charging smartphones,IAB2 Automotive,0.592,pseudo labeled,
fiat group swings loss,IAB2 Automotive,0.592,pseudo labeled,
tesla motors inc nasdaq tsla car crash may real reason,IAB2 Automotive,0.592,pseudo labeled,
apple adds 9 auto makers including audi chrysler dodge,IAB2 Automotive,0.592,pseudo labeled,
honda nissan mazda issue air bagrelated recalls,IAB2 Automotive,0.592,pseudo labeled,
air bag recall spreads bmw chrysler ford honda mazda nissan toyota,IAB2 Automotive,0.592,pseudo labeled,
chrysler fix jeeps faster predicted,IAB2 Automotive,0.592,pseudo labeled,
china voices reservations wto auto case ruling,IAB2 Automotive,0.592,pseudo labeled,
fiat shares fall investors question cost ambitious plan,IAB2 Automotive,0.592,pseudo labeled,
gm recalls 18 million suvs air bag issue,IAB2 Automotive,0.592,pseudo labeled,
"Despite the challenges, the automotive industry is expected to continue to grow in the coming years.",IAB2 Automotive,0.592,synthetic,
chrysler nissan lead march sales gains,IAB2 Automotive,0.592,pseudo labeled,
2014 new york auto show live ford mustang 50th anniversary edition,IAB2 Automotive,0.592,pseudo labeled,
car recalls,IAB2 Automotive,0.592,pseudo labeled,
oscar vulnerable stumps says doctor,IAB2 Automotive,0.592,pseudo labeled,
complaint shutting camaro knee dates back year,IAB2 Automotive,0.592,pseudo labeled,
12b toyota penalty sends warning auto industry,IAB2 Automotive,0.592,pseudo labeled,
nissan mercedes team construct new mexican car plant,IAB2 Automotive,0.592,pseudo labeled,
honda mazda nissan issue recalls airbag problems,IAB2 Automotive,0.592,pseudo labeled,
The introduction of the Volkswagen Golf in 1974.,IAB2 Automotive,0.592,synthetic,
video cadillac atsv caught testing getting air nurburgring,IAB2 Automotive,0.592,pseudo labeled,
motogp austin dominio marquez podio ducati,IAB2 Automotive,0.592,pseudo labeled,
general motors recalls 15 million vehicles ignition defects,IAB2 Automotive,0.592,pseudo labeled,
huh 7 top 10 americanmade cars japanese brands,IAB2 Automotive,0.592,pseudo labeled,
recalls continue us automakers,IAB2 Automotive,0.592,pseudo labeled,
automakers top analysts sales estimates may,IAB2 Automotive,0.592,pseudo labeled,
think know chryslers plugin hybrid minivan cuv,IAB2 Automotive,0.592,pseudo labeled,
2015 toyota camry photo gallery 24 photos,IAB2 Automotive,0.592,pseudo labeled,
driverless cars mastering busy city streets,IAB2 Automotive,0.592,pseudo labeled,
grand theft auto crew sued lindsay lohan basing obnoxious,IAB2 Automotive,0.592,pseudo labeled,
honda mazda nissan issue recalls airbag problem,IAB2 Automotive,0.592,pseudo labeled,
2015 toyota fcv production design revealed,IAB2 Automotive,0.592,pseudo labeled,
general motors recalls 33000 chevrolet cruze sedans defective airbags,IAB2 Automotive,0.592,pseudo labeled,
2015 toyota camry debuts new york auto show,IAB2 Automotive,0.592,pseudo labeled,
new ford escort debuts beijing auto show,IAB2 Automotive,0.592,pseudo labeled,
"The auto parts industry is a major force for good in the world, helping to make motor vehicles safer, more efficient, and more environmentally friendly.",IAB2 Automotive,0.592,synthetic,
motorola mobility found guilty breaching eu competition law escapes fine,IAB2 Automotive,0.592,pseudo labeled,
carmakers battle airbag explosions,IAB2 Automotive,0.592,pseudo labeled,
priced 2014 mercedesbenz bclass electric drive,IAB2 Automotive,0.584,pseudo labeled,
autos construction fuel us job growth,IAB2 Automotive,0.584,pseudo labeled,
vodafone acquire cobra automotive euro 145 mn,IAB2 Automotive,0.584,pseudo labeled,
fiat shares shed 11pc plan financing,IAB2 Automotive,0.584,pseudo labeled,
fiat recalls nearly 30000 fiat 500l models,IAB2 Automotive,0.584,pseudo labeled,
general motors recalls 34 million cars due ignition problems,IAB2 Automotive,0.584,pseudo labeled,
eyes austin motogp touches usa,IAB2 Automotive,0.584,pseudo labeled,
2015 volkswagen jetta unveiled,IAB2 Automotive,0.584,pseudo labeled,
auto mercedes announces 41450 bclass ev 85mile range uses tesla,IAB2 Automotive,0.584,pseudo labeled,
"Auto racing has also been marked by controversies, including accidents, rivalries, and doping scandals.",IAB2 Automotive,0.584,synthetic,
gm recalls 34 million cars ignition issue,IAB2 Automotive,0.584,pseudo labeled,
truecar ipo 15,IAB2 Automotive,0.584,pseudo labeled,
general motors recalls 24 million vehicles,IAB2 Automotive,0.584,pseudo labeled,
corvette museum leaving part sinkhole,IAB2 Automotive,0.584,pseudo labeled,
automaker news tesla motors inc nasdaqtsla ford motor company,IAB2 Automotive,0.584,pseudo labeled,
tesla hand technology automakers free,IAB2 Automotive,0.584,pseudo labeled,
smackdown chevrolet corvette stingray vs porsche 911,IAB2 Automotive,0.584,pseudo labeled,
canada retail sales post surprise dip record autos 1,IAB2 Automotive,0.584,pseudo labeled,
auto sales emerge cold,IAB2 Automotive,0.584,pseudo labeled,
gm recalls 512000 camaros ignition switch problem,IAB2 Automotive,0.584,pseudo labeled,
fiat chrysler reveals plans grow sales 2018,IAB2 Automotive,0.584,pseudo labeled,
ram maserati ferrari unveil fiveyear plan,IAB2 Automotive,0.584,pseudo labeled,
chrysler recalls fiat 500l kneeairbag defect,IAB2 Automotive,0.584,pseudo labeled,
experienced infestation car spiders,IAB2 Automotive,0.584,pseudo labeled,
mercedesbenz uclass envisioned flagship model,IAB2 Automotive,0.584,pseudo labeled,
50th anniversary mustang,IAB2 Automotive,0.584,pseudo labeled,
lindsay lohan files lawsuit grand theft auto v,IAB2 Automotive,0.584,pseudo labeled,
gm recalls 316 mln cars ignition key issues,IAB2 Automotive,0.584,pseudo labeled,
2014 dodge challenger rt redline quick spin,IAB2 Automotive,0.584,pseudo labeled,
displaying 2015 ford mustang convertible atop empire state building,IAB2 Automotive,0.584,pseudo labeled,
driverless cars master city streets,IAB2 Automotive,0.584,pseudo labeled,
latest gm recall brings us industry total 224 million cars,IAB2 Automotive,0.584,pseudo labeled,
spiders cause mazda recall cars,IAB2 Automotive,0.584,pseudo labeled,
ford puts mustang top empire state building,IAB2 Automotive,0.584,pseudo labeled,
fiat chrysler drop dodge minivan invest jeep alfa grow sales 2018,IAB2 Automotive,0.584,pseudo labeled,
general motors recalls another 34 million cars ignition problem,IAB2 Automotive,0.584,pseudo labeled,
buick sales 18 moves gm 1 higher june,IAB2 Automotive,0.584,pseudo labeled,
chrysler moves kill dodge grand caravan minivan,IAB2 Automotive,0.584,pseudo labeled,
oscar exposed stumps,IAB2 Automotive,0.584,pseudo labeled,
gm recalls 15 million suvs air bag issue problems,IAB2 Automotive,0.584,pseudo labeled,
Vintage Cars: A Timeless Passion,IAB2 Automotive,0.584,synthetic,
gm recalls another 32 million cars,IAB2 Automotive,0.584,pseudo labeled,
moto e officially launched india rs 6999,IAB2 Automotive,0.584,pseudo labeled,
volkswagen passes gm global auto sales race,IAB2 Automotive,0.584,pseudo labeled,
2014 beijing auto exhibition kicks sunday,IAB2 Automotive,0.584,pseudo labeled,
hyundai recalls 2015 sonata dangerous brakes,IAB2 Automotive,0.576,pseudo labeled,
mercedesbenz sclass review s500 l,IAB2 Automotive,0.576,pseudo labeled,
gm chevrolet cobalt hhr saturn sky ion pontiac g5,IAB2 Automotive,0.576,pseudo labeled,
honda mazda nissan recall millions airbags,IAB2 Automotive,0.576,pseudo labeled,
snazzy new ford f150 tots,IAB2 Automotive,0.576,pseudo labeled,
fiat boss dont buy 500e ev,IAB2 Automotive,0.576,pseudo labeled,
honda nissan mazda recall cars airbag defect,IAB2 Automotive,0.576,pseudo labeled,
first drive new jeep cherokee,IAB2 Automotive,0.576,pseudo labeled,
feds investigate fiat chrysler ignition switch problems,IAB2 Automotive,0.576,pseudo labeled,
vodafone buy cobra automotive update,IAB2 Automotive,0.576,pseudo labeled,
audi volvo among first commit android auto vehicles,IAB2 Automotive,0.576,pseudo labeled,
air bag recall spreads automakers bmw ford chrysler join 4 japan,IAB2 Automotive,0.576,pseudo labeled,
get ford mustang top empire state building,IAB2 Automotive,0.576,pseudo labeled,
toyota make new 2015 camry xse sexy,IAB2 Automotive,0.576,pseudo labeled,
lawmakers question gm ceo automakers failure fix ignitionswitch defect,IAB2 Automotive,0.576,pseudo labeled,
chrysler dropping dodge grand caravan avenger planning hybrid minivan,IAB2 Automotive,0.576,pseudo labeled,
general motors recalls 15 million vehicles,IAB2 Automotive,0.576,pseudo labeled,
federal safety regulators expand ignition switch air bag probe chrysler,IAB2 Automotive,0.576,pseudo labeled,
"Current trends in the luxury automotive market reflect changing consumer preferences, with a growing emphasis on sustainability, connectivity, and personalized experiences.",IAB2 Automotive,0.576,synthetic,
fiat says ciao italy,IAB2 Automotive,0.576,pseudo labeled,
gm recalls another 32 million cars ignition problems,IAB2 Automotive,0.576,pseudo labeled,
lindsay lohan suing creators grand theft auto,IAB2 Automotive,0.576,pseudo labeled,
car sales set rise 2 years decline,IAB2 Automotive,0.576,pseudo labeled,
drive straight might daimlers driverless truck next car,IAB2 Automotive,0.576,pseudo labeled,
google android auto screencasts phone car,IAB2 Automotive,0.576,pseudo labeled,
automakers lowest highest recall rates,IAB2 Automotive,0.576,pseudo labeled,
oscar mayer recall,IAB2 Automotive,0.576,pseudo labeled,
heck iliad want tmobile,IAB2 Automotive,0.576,pseudo labeled,
new york auto show nissan rolls dice new murano,IAB2 Automotive,0.576,pseudo labeled,
200811 mercedesbenz cclass recalled taillight problem,IAB2 Automotive,0.576,pseudo labeled,
fiat chrysler shareholders expect much good news future,IAB2 Automotive,0.576,pseudo labeled,
hidustan motors shutdown production ambassador car,IAB2 Automotive,0.576,pseudo labeled,
2015 mercedes bclass facelift spied minor changes,IAB2 Automotive,0.576,pseudo labeled,
chevy cruze caught airbag recall,IAB2 Automotive,0.576,pseudo labeled,
2015 toyota camry gets toptobottom makeover,IAB2 Automotive,0.576,pseudo labeled,
latest gm recalls include camaros possible ignition switch problem,IAB2 Automotive,0.576,pseudo labeled,
chevy 2014 new york auto show,IAB2 Automotive,0.576,pseudo labeled,
spiders gasoline huffing cause mazda recall,IAB2 Automotive,0.576,pseudo labeled,
many victims faulty gm cars young drivers,IAB2 Automotive,0.576,pseudo labeled,
tesla motors inc model latest crashes photos,IAB2 Automotive,0.576,pseudo labeled,
gm recalls 500000 camaros ignition switch problem,IAB2 Automotive,0.576,pseudo labeled,
fiat chrysler ceo deliveries double thanks merger,IAB2 Automotive,0.576,pseudo labeled,
jeep china deal month ends,IAB2 Automotive,0.576,pseudo labeled,
hyundai recalling suvs due faulty air bags,IAB2 Automotive,0.576,pseudo labeled,
ford recalls 692000 suvs airbag door latch problems,IAB2 Automotive,0.576,pseudo labeled,
fiat shares tumble wall street questions growth plans,IAB2 Automotive,0.576,pseudo labeled,
spiders cause mazda recall,IAB2 Automotive,0.576,pseudo labeled,
ongoing 2014 new york international auto show 2015 toyota camry unveiled,IAB2 Automotive,0.576,pseudo labeled,
air bag suit leads gm cruze recall,IAB2 Automotive,0.576,pseudo labeled,
ford chrysler recall huge numbers vehicles,IAB2 Automotive,0.576,pseudo labeled,
fiat chrysler boost output 6m cars year,IAB2 Automotive,0.576,pseudo labeled,
indias iconic ambassador car grinds halt,IAB2 Automotive,0.576,pseudo labeled,
gm build cadillac srx spring hill plant tennessee,IAB2 Automotive,0.576,pseudo labeled,
vw set overtake toyota global auto leader,IAB2 Automotive,0.576,pseudo labeled,
ford recalls 692487 suvs cars fix air bags wont fire,IAB2 Automotive,0.576,pseudo labeled,
lindsay lohan filed lawsuit grand theft auto v birthday,IAB2 Automotive,0.576,pseudo labeled,
miley cyrus burgled thieves steal later ditch maserati,IAB2 Automotive,0.576,pseudo labeled,
boss boss pit original mustang boss 302,IAB2 Automotive,0.576,pseudo labeled,
gm set recall cruze models due air bag problems,IAB2 Automotive,0.576,pseudo labeled,
chrysler speed fixes jeep suv,IAB2 Automotive,0.576,pseudo labeled,
national corvette museums sinkhole could stay,IAB2 Automotive,0.576,pseudo labeled,
microsoft shows windows mobile experience connected cars,IAB2 Automotive,0.576,pseudo labeled,
general motors recalls another 82 million vehicles,IAB2 Automotive,0.576,pseudo labeled,
general motors recalls 316 million vehicles us ignition issue,IAB2 Automotive,0.576,pseudo labeled,
motorola mobility escapes eu fine patent dispute,IAB2 Automotive,0.576,pseudo labeled,
gm recalls camaros ignition switch defect,IAB2 Automotive,0.576,pseudo labeled,
google set invade worlds cars,IAB2 Automotive,0.568,pseudo labeled,
truecar autobuying website raises 70 million us ipo,IAB2 Automotive,0.568,pseudo labeled,
infiniti begins production 20l turbo eurospec q50 mercedes cclass,IAB2 Automotive,0.568,pseudo labeled,
photos gm unveils chevy corvette z06 convertible trax small suv,IAB2 Automotive,0.568,pseudo labeled,
tammy bridesmaids star gran theft auto pilot,IAB2 Automotive,0.568,pseudo labeled,
4 key takeaways tesla motors q1 conference call investors,IAB2 Automotive,0.568,pseudo labeled,
"In the United States, the car industry is responsible for over 10 million jobs and generates over $1 trillion in revenue each year.",IAB2 Automotive,0.568,synthetic,
jeep produce suvs 6 countries global push,IAB2 Automotive,0.568,pseudo labeled,
gm recalls 84 million additional cars,IAB2 Automotive,0.568,pseudo labeled,
ford mustang turns 50 247,IAB2 Automotive,0.568,pseudo labeled,
limited edition ford mustang ascends empire state building 50th anniversary,IAB2 Automotive,0.568,pseudo labeled,
profits double japanese carmaker toyota,IAB2 Automotive,0.568,pseudo labeled,
dodge may deadly ignition problem,IAB2 Automotive,0.568,pseudo labeled,
gm recalls 32 million cars ignition problems,IAB2 Automotive,0.568,pseudo labeled,
recall roundup dodge durango jeep grand cherokee,IAB2 Automotive,0.568,pseudo labeled,
car industry struggles solve air bag explosions despite mass recalls,IAB2 Automotive,0.568,pseudo labeled,
amazons new dash wand lets order food yelling stick,IAB2 Automotive,0.568,pseudo labeled,
hyundai motor q1 net flat misses estimates,IAB2 Automotive,0.568,pseudo labeled,
daimlers driverless truck turns heads autobahn,IAB2 Automotive,0.568,pseudo labeled,
nissan motor cos share price reveals 48 profit increase posts,IAB2 Automotive,0.568,pseudo labeled,
auto industry breaks annual recall record,IAB2 Automotive,0.568,pseudo labeled,
general motors recalls another 24 million vehicles,IAB2 Automotive,0.568,pseudo labeled,
tmobile need sprint scale,IAB2 Automotive,0.568,pseudo labeled,
illegal tariffs china imposes us produced cars suv exports,IAB2 Automotive,0.568,pseudo labeled,
"Key figures in the luxury automotive industry have included visionaries such as Enzo Ferrari, who founded the eponymous Italian sports car manufacturer, and Ferdinand Piëch, who led the Volkswagen Group to acquire several luxury brands.",IAB2 Automotive,0.568,synthetic,
vodafone set acquire cobra automotive euro 145 mn,IAB2 Automotive,0.568,pseudo labeled,
fiat chrysler posts q1 net loss trading profit stable,IAB2 Automotive,0.568,pseudo labeled,
decision day national corvette museum,IAB2 Automotive,0.568,pseudo labeled,
gm recalls another 3 million cars,IAB2 Automotive,0.568,pseudo labeled,
honda mazda nissan issue recall airbags,IAB2 Automotive,0.568,pseudo labeled,
recall alert 2014 mercedesbenz glclass,IAB2 Automotive,0.568,pseudo labeled,
isnt 2014 hyundai sonata fuel efficient,IAB2 Automotive,0.568,pseudo labeled,
selfdriving mercedesbenz truck completes first journey,IAB2 Automotive,0.568,pseudo labeled,
us auto sales march chrysler toyota gm ford see gains,IAB2 Automotive,0.568,pseudo labeled,
general motors recalls 15 million vehicles ceo says terrible things,IAB2 Automotive,0.568,pseudo labeled,
gm recalls another 3 million cars ignition defect,IAB2 Automotive,0.568,pseudo labeled,
"Key figures in the luxury automotive industry have played a pivotal role in shaping the segment, with individuals such as Henry Royce, Ettore Bugatti, and Ferdinand Porsche leaving an enduring legacy of innovation and design.",IAB2 Automotive,0.568,synthetic,
gm move cadillac srx production tennessee,IAB2 Automotive,0.568,pseudo labeled,
ford cadillac hybrid car ads go headtohead,IAB2 Automotive,0.568,pseudo labeled,
made usa 5 best cars made,IAB2 Automotive,0.568,pseudo labeled,
gm recalls 12 million suvs air bag problem,IAB2 Automotive,0.568,pseudo labeled,
new mercedesbenz cclass sheer attraction,IAB2 Automotive,0.568,pseudo labeled,
gm recalling 512k camaros ignition problem,IAB2 Automotive,0.568,pseudo labeled,
general motors recalls another 242 million vehicles,IAB2 Automotive,0.568,pseudo labeled,
best look yet mercedes cclass wagon,IAB2 Automotive,0.568,pseudo labeled,
general motors recalling two million cars,IAB2 Automotive,0.568,pseudo labeled,
update 1gm make mexicobuilt cadillac srx crossover tennessee,IAB2 Automotive,0.568,pseudo labeled,
2015 toyota camry debut,IAB2 Automotive,0.568,pseudo labeled,
honda mazda nissan issue recalls airbags,IAB2 Automotive,0.568,pseudo labeled,
fords us auto sales rebound march,IAB2 Automotive,0.5599999999999999,pseudo labeled,
fords canadian fuel consumption label ratings goodwill payments,IAB2 Automotive,0.5599999999999999,pseudo labeled,
general motors recalls 118 million lambda crossovers possible airbag,IAB2 Automotive,0.5599999999999999,pseudo labeled,
air bag accident lawsuit led recall general motors chevrolet cruze sedans,IAB2 Automotive,0.5599999999999999,pseudo labeled,
chryslers sales soar 20 jeep sales rise 41,IAB2 Automotive,0.5599999999999999,pseudo labeled,
recall chrysler replacing knee airbags fiat 500l,IAB2 Automotive,0.5599999999999999,pseudo labeled,
tmobile unscrupulous uncarrier tmus,IAB2 Automotive,0.5599999999999999,pseudo labeled,
chrysler looks new models secure recovery,IAB2 Automotive,0.5599999999999999,pseudo labeled,
"The pickup truck has left an enduring mark on the automotive landscape, shaping the way vehicles are designed, used, and perceived.",IAB2 Automotive,0.5599999999999999,synthetic,
fiat chrysler aims 45m car sales 2014,IAB2 Automotive,0.5599999999999999,pseudo labeled,
"The auto parts industry is a key part of the automotive industry, supplying the parts and components that are used to build and maintain motor vehicles.",IAB2 Automotive,0.5599999999999999,synthetic,
tmobile padding customers bills,IAB2 Automotive,0.5599999999999999,pseudo labeled,
marchionne fiat chrysler boost output 6m cars,IAB2 Automotive,0.5599999999999999,pseudo labeled,
jeep sales may declared best ever,IAB2 Automotive,0.5599999999999999,pseudo labeled,
may auto sales expected hit highest monthly total 7 years gm sales 13,IAB2 Automotive,0.5599999999999999,pseudo labeled,
12 billion toyota penalty sends warning auto industry,IAB2 Automotive,0.5599999999999999,pseudo labeled,
The historical context of the sedan is closely tied to the development of the automobile industry.,IAB2 Automotive,0.5599999999999999,synthetic,
european car sales grow 6th month still weakened financial crisis,IAB2 Automotive,0.5599999999999999,pseudo labeled,
driverless cars testing,IAB2 Automotive,0.5599999999999999,pseudo labeled,
biden wish could kept corvette,IAB2 Automotive,0.5599999999999999,pseudo labeled,
ford display 2015 mustang convertible 86th floor empire state,IAB2 Automotive,0.5599999999999999,pseudo labeled,
vodafone planning buy cobra automotive 145m,IAB2 Automotive,0.5599999999999999,pseudo labeled,
tmobile us plan b plan c,IAB2 Automotive,0.5599999999999999,pseudo labeled,
motogp comes austin,IAB2 Automotive,0.5599999999999999,pseudo labeled,
2015 volkswagen jetta facelift revealed ahead new york motor show,IAB2 Automotive,0.5599999999999999,pseudo labeled,
detroit dirt ford brilliant parody cadillacs elr ad,IAB2 Automotive,0.5599999999999999,pseudo labeled,
canada retail sales post surprise dip record cars,IAB2 Automotive,0.5599999999999999,pseudo labeled,
gm recalls 29000 chevy cruze sedans takata airbag defect,IAB2 Automotive,0.5599999999999999,pseudo labeled,
general motors recalls another 84m cars,IAB2 Automotive,0.5599999999999999,pseudo labeled,
muscular mustang recalls another era,IAB2 Automotive,0.5599999999999999,pseudo labeled,
"The automotive industry is facing a number of challenges, including the rising cost of fuel, the increasing popularity of ride-sharing services, and the development of self-driving cars.",IAB2 Automotive,0.5599999999999999,synthetic,
general motors recalls another 26 million vehicles,IAB2 Automotive,0.5599999999999999,pseudo labeled,
lindsay lohan sues grand theft auto maker,IAB2 Automotive,0.5599999999999999,pseudo labeled,
dodge breaks 700 horsepower barrier muscle car,IAB2 Automotive,0.5599999999999999,pseudo labeled,
gm recalls 194107 buicks china due headlight issue,IAB2 Automotive,0.5599999999999999,pseudo labeled,
2015 vw jetta gets official ahead nyc reveal,IAB2 Automotive,0.5599999999999999,pseudo labeled,
smart thermostat works car,IAB2 Automotive,0.5599999999999999,pseudo labeled,
skin deep americas bestselling car gets even better,IAB2 Automotive,0.5599999999999999,pseudo labeled,
mercedes sales spike first six months 2014,IAB2 Automotive,0.5599999999999999,pseudo labeled,
chrysler sales 9 june,IAB2 Automotive,0.5599999999999999,pseudo labeled,
ford recalls 692487 suvs cars fix nonfiring air bags 1,IAB2 Automotive,0.5599999999999999,pseudo labeled,
gm recalls additional 33 million cars ignition problems,IAB2 Automotive,0.5599999999999999,pseudo labeled,
general motors plans recall thousands cruze sedans defective air bags,IAB2 Automotive,0.5599999999999999,pseudo labeled,
mazda spiders back,IAB2 Automotive,0.5599999999999999,pseudo labeled,
20042008 chevrolet aveo recalled fire risk,IAB2 Automotive,0.5599999999999999,pseudo labeled,
chrysler answer due jeep recalls slow pace,IAB2 Automotive,0.5599999999999999,pseudo labeled,
gm recalls camaros ignition switch problem,IAB2 Automotive,0.5599999999999999,pseudo labeled,
gms cruze faces air bag problem,IAB2 Automotive,0.5599999999999999,pseudo labeled,
gm recalls 33000 chevy cruzes faulty airbags,IAB2 Automotive,0.5599999999999999,pseudo labeled,
chinese dream trumps environment cars sales boom,IAB2 Automotive,0.5599999999999999,pseudo labeled,
report motorolas first postgoogle smartphone looks like,IAB2 Automotive,0.5599999999999999,pseudo labeled,
gm recalls another 24 million cars trucks,IAB2 Automotive,0.5599999999999999,pseudo labeled,
auto sales hit 9year high,IAB2 Automotive,0.5599999999999999,pseudo labeled,
mercedes cclass engine production begins tennessee plant,IAB2 Automotive,0.5599999999999999,pseudo labeled,
ford launches 2015 mustang top empire state building,IAB2 Automotive,0.5599999999999999,pseudo labeled,
july 2014 car sales big six surge,IAB2 Automotive,0.5599999999999999,pseudo labeled,
bmw x7 4x4 confirmed,IAB2 Automotive,0.5599999999999999,pseudo labeled,
grand theft auto 5 special july 4 independence day content,IAB2 Automotive,0.5599999999999999,pseudo labeled,
photos day hot models years ny auto show,IAB2 Automotive,0.5519999999999999,pseudo labeled,
gm recalls current gen chevy camaros ignition switch problems,IAB2 Automotive,0.5519999999999999,pseudo labeled,
honda nissan mazda recall 3 mln vehicles faulty airbags,IAB2 Automotive,0.5519999999999999,pseudo labeled,
update 1chrysler ford say canada auto sales trucks,IAB2 Automotive,0.5519999999999999,pseudo labeled,
massive airbag recall expands four automakers,IAB2 Automotive,0.5519999999999999,pseudo labeled,
lindsay lohan suing grand theft auto v makers,IAB2 Automotive,0.5519999999999999,pseudo labeled,
spiders yes spiders cause mazda recall,IAB2 Automotive,0.5519999999999999,pseudo labeled,
europe car sales rise ninth month consumer gains,IAB2 Automotive,0.5519999999999999,pseudo labeled,
chrysler sales 7 july jeep popular consumers,IAB2 Automotive,0.5519999999999999,pseudo labeled,
new cars steering wheel brake gas pedals,IAB2 Automotive,0.5519999999999999,pseudo labeled,
ford toyota sales top estimates big month suvs,IAB2 Automotive,0.5519999999999999,pseudo labeled,
2014 jeep mopar grand cherokee cherokee moab safari concepts,IAB2 Automotive,0.5519999999999999,pseudo labeled,
hyundai recalls 889000 sonatas brake issues,IAB2 Automotive,0.5519999999999999,pseudo labeled,
mercedes recalls 252867 cclass sedans taillight problem,IAB2 Automotive,0.5519999999999999,pseudo labeled,
honda nissan mazda join worldwide recall faulty air bags,IAB2 Automotive,0.5519999999999999,pseudo labeled,
"The automotive luxury segment has witnessed a significant evolution over the years, driven by factors such as rising affluence, technological advancements, and changing consumer preferences.",IAB2 Automotive,0.5519999999999999,synthetic,
general motors recalls 3 million vehicles ignition switch defect,IAB2 Automotive,0.5519999999999999,pseudo labeled,
fiat investors approve merger dutchregistered fiat chrysler automobiles,IAB2 Automotive,0.5519999999999999,pseudo labeled,
merger launches new chapter fiat chrysler automobiles,IAB2 Automotive,0.5519999999999999,pseudo labeled,
2015 corvette z06 convertible first since 1963 release date may,IAB2 Automotive,0.5519999999999999,pseudo labeled,
gm woes cadillac recalls elr plugin coupe,IAB2 Automotive,0.5519999999999999,pseudo labeled,
mustang 2015 ford unveils special edition model 50th anniversary,IAB2 Automotive,0.5519999999999999,pseudo labeled,
gm recalls 824000 cars ignition problem,IAB2 Automotive,0.5519999999999999,pseudo labeled,
2015 chevrolet corvette z06 convertible,IAB2 Automotive,0.5519999999999999,pseudo labeled,
fiat chrysler vw deny report merger talks,IAB2 Automotive,0.5519999999999999,pseudo labeled,
general motors recalls 13 million vehicles steering issue,IAB2 Automotive,0.5519999999999999,pseudo labeled,
mercedes infiniti cars built joint mexican factory,IAB2 Automotive,0.5519999999999999,pseudo labeled,
2014 new york auto show new chevy corvette stingray variant confirmed,IAB2 Automotive,0.5519999999999999,pseudo labeled,
burglars break miley cyrus house leave maserati,IAB2 Automotive,0.5519999999999999,pseudo labeled,
fords mustangs 50th anniversary,IAB2 Automotive,0.5519999999999999,pseudo labeled,
2015 nissan versa sedan starts 12800 2014 new york auto show,IAB2 Automotive,0.5519999999999999,pseudo labeled,
tmobile sell htc one m8 0 april,IAB2 Automotive,0.5519999999999999,pseudo labeled,
first 2015 corvette z06 sells 1m barrettjackson,IAB2 Automotive,0.5519999999999999,pseudo labeled,
apples carplay future vehicular connectivity,IAB2 Automotive,0.5519999999999999,pseudo labeled,
ford marking mustangs 50th anniversary putting car top empire state,IAB2 Automotive,0.5519999999999999,pseudo labeled,
fiat chryslers five year plan rides forecasts big sales gains,IAB2 Automotive,0.5519999999999999,pseudo labeled,
cadillac elr vs chevy volt video,IAB2 Automotive,0.5519999999999999,pseudo labeled,
tmobile uncarrier 50 dont expect unlocking part deal,IAB2 Automotive,0.5519999999999999,pseudo labeled,
chrysler killing iconic soccer mom van,IAB2 Automotive,0.5519999999999999,pseudo labeled,
new york 2014 volkswagen launch 2015 jetta golf wagon,IAB2 Automotive,0.5519999999999999,pseudo labeled,
gm move cadillac srx production mexico tennesse,IAB2 Automotive,0.5519999999999999,pseudo labeled,
general motors recall 34 million cars,IAB2 Automotive,0.5519999999999999,pseudo labeled,
2015 chevrolet trax close driven,IAB2 Automotive,0.5519999999999999,pseudo labeled,
fiat chrysler automobiles unveils new 66 billion investment plan reports,IAB2 Automotive,0.5519999999999999,pseudo labeled,
johnson controls jci yanfeng automotive enter auto interiors merger joint,IAB2 Automotive,0.5519999999999999,pseudo labeled,
ford f150 pickup rated highest americamade index,IAB2 Automotive,0.5519999999999999,pseudo labeled,
2016 smart fortwo know allnew minicar,IAB2 Automotive,0.5519999999999999,pseudo labeled,
need ebola panic sa aaron motsoaledi,IAB2 Automotive,0.5519999999999999,pseudo labeled,
tesla confirms latest car called tesla 3,IAB2 Automotive,0.5519999999999999,pseudo labeled,
earth echo review etmobile,IAB2 Automotive,0.5519999999999999,pseudo labeled,
gm recall 30k cruze sedans faulty air bags,IAB2 Automotive,0.5519999999999999,pseudo labeled,
billion dollar automobile plant headed mexico,IAB2 Automotive,0.5519999999999999,pseudo labeled,
honda mazda nissan recall vehicles airbag problems,IAB2 Automotive,0.5519999999999999,pseudo labeled,
blackberry walks away tmobile,IAB2 Automotive,0.5519999999999999,pseudo labeled,
teslas first takers bmw nissan talk elon musk co battery charging,IAB2 Automotive,0.544,pseudo labeled,
200510 honda odyssey recalled fire risk,IAB2 Automotive,0.544,pseudo labeled,
general motors recalls another 26 million vehicles doubles 2ndquarter charge,IAB2 Automotive,0.544,pseudo labeled,
another gm recall 15 million suvs air bag issue,IAB2 Automotive,0.544,pseudo labeled,
gm announces recall 33000 cruze sedans takatas air bags strike,IAB2 Automotive,0.544,pseudo labeled,
car wars tesla ecotricity battle britains electric highways,IAB2 Automotive,0.544,pseudo labeled,
jeep renegade power global sales wagoneer coming,IAB2 Automotive,0.544,pseudo labeled,
gasolineloving spiders cause mazda car recall second time,IAB2 Automotive,0.544,pseudo labeled,
bmw 3series m3 hit airbag recall,IAB2 Automotive,0.544,pseudo labeled,
jd powers gives high initial quality marks porsche hyundai gm,IAB2 Automotive,0.544,pseudo labeled,
chrysler recalls fiat 500l knee air bag issue,IAB2 Automotive,0.544,pseudo labeled,
jessica barrymore found dead car,IAB2 Automotive,0.544,pseudo labeled,
autonomous cars better city drivers humans google says,IAB2 Automotive,0.544,pseudo labeled,
mercedesbenz track record year sales,IAB2 Automotive,0.544,pseudo labeled,
lindsay lohan suing grand theft auto makers,IAB2 Automotive,0.544,pseudo labeled,
police find miley cyrus stolen car,IAB2 Automotive,0.544,pseudo labeled,
hydrogenpowered toyota costs bomb,IAB2 Automotive,0.544,pseudo labeled,
motorola launch moto g successor,IAB2 Automotive,0.544,pseudo labeled,
vodafone group plc share price acquire cobra automotive,IAB2 Automotive,0.544,pseudo labeled,
gm recalls 15 million additional cars,IAB2 Automotive,0.544,pseudo labeled,
powermat equip 2015 cadillac vehicles wireless phone charging pad,IAB2 Automotive,0.544,pseudo labeled,
general motors move cadillac srx production tenn,IAB2 Automotive,0.544,pseudo labeled,
someone go jail behind scenes toyotas sticky pedals,IAB2 Automotive,0.544,pseudo labeled,
lindsay lohan drags grand theft auto court,IAB2 Automotive,0.544,pseudo labeled,
gm recalls 500 pickups suvs,IAB2 Automotive,0.544,pseudo labeled,
"The auto parts industry is a global industry, with major suppliers located in all regions of the world.",IAB2 Automotive,0.544,synthetic,
2015 chevy corvette z06 convertible show stopper new york,IAB2 Automotive,0.544,pseudo labeled,
tmobile really need sprint merger competitive,IAB2 Automotive,0.544,pseudo labeled,
princess anna frozen grand theft auto watch video,IAB2 Automotive,0.544,pseudo labeled,
2015 chevrolet trax first look,IAB2 Automotive,0.544,pseudo labeled,
daimler reveals mercedesbenz truck future,IAB2 Automotive,0.544,pseudo labeled,
general motors company nysegm gm recalls 8500 buick chevy,IAB2 Automotive,0.544,pseudo labeled,
2014 mercedes bclass ev goes sale summer starts 42375,IAB2 Automotive,0.544,pseudo labeled,
driverless cars sidestep cyclists,IAB2 Automotive,0.544,pseudo labeled,
5 key aspects jeeps 5year plan,IAB2 Automotive,0.544,pseudo labeled,
general motors recalled 29 million cars deaths,IAB2 Automotive,0.544,pseudo labeled,
chryslerpalooza products galore,IAB2 Automotive,0.544,pseudo labeled,
lindsay lohan suing grand theft auto firm rockstar,IAB2 Automotive,0.544,pseudo labeled,
truecar true ipo opens higher,IAB2 Automotive,0.544,pseudo labeled,
video gm recalling camaros ignition switch problem,IAB2 Automotive,0.544,pseudo labeled,
heres chinaonly cadillac atsl photo gallery,IAB2 Automotive,0.544,pseudo labeled,
ford mustang celebrates 50th anniversary,IAB2 Automotive,0.544,pseudo labeled,
driverless cars mastering city streets google,IAB2 Automotive,0.544,pseudo labeled,
cadillac waves goodbye current generation vseries 2015 ctsv,IAB2 Automotive,0.544,pseudo labeled,
new york auto show toyota gives camry toptobottom makeover,IAB2 Automotive,0.544,pseudo labeled,
"Auto racing has a significant economic impact, generating revenue through ticket sales, sponsorships, and merchandise.",IAB2 Automotive,0.544,synthetic,
ford mustang 50th anniversary whats favorite memory,IAB2 Automotive,0.544,pseudo labeled,
gm recalls 316m cars ignition problems,IAB2 Automotive,0.544,pseudo labeled,
wto rules high chinese tariffs us autos,IAB2 Automotive,0.544,pseudo labeled,
ford chrysler sales surge march,IAB2 Automotive,0.544,pseudo labeled,
another gm recall 12 million suvs air bag issue,IAB2 Automotive,0.544,pseudo labeled,
reassuringly expensive world cant seem get enough german luxury cars,IAB2 Automotive,0.544,pseudo labeled,
chrysler roll town country us sales rise 37 record month ford,IAB2 Automotive,0.544,pseudo labeled,
fiat spa trims share price decline chrysler us sales surge 20 posts best july,IAB2 Automotive,0.544,pseudo labeled,
mopar accessories 2014 jeep cherokee,IAB2 Automotive,0.544,pseudo labeled,
google cars,IAB2 Automotive,0.544,pseudo labeled,
general motors recalls 303000 express savana vans noncompliant,IAB2 Automotive,0.544,pseudo labeled,
fiat quarterly profit misses estimates americas drop,IAB2 Automotive,0.544,pseudo labeled,
ignition switch problem triggers general motors camaro recall,IAB2 Automotive,0.544,pseudo labeled,
ford mustang 50 interactive,IAB2 Automotive,0.544,pseudo labeled,
tmobile ftc suit political exaggerated,IAB2 Automotive,0.544,pseudo labeled,
launch allnew mercedesbenz suv sparks consumer interest,IAB2 Automotive,0.544,pseudo labeled,
fiat chrysler ceo chimes general motors recall issues,IAB2 Automotive,0.544,pseudo labeled,
early morning activity shows ford motor f,IAB2 Automotive,0.544,pseudo labeled,
2015 hyundai tucson fuel cell test drive,IAB2 Automotive,0.544,pseudo labeled,
steve right motorola mobility anticompetive abusive says eu,IAB2 Automotive,0.544,pseudo labeled,
vodafone set acquire cobra automotive 145 million,IAB2 Automotive,0.544,pseudo labeled,
motogp rossi marquez troppo forte per tutti,IAB2 Automotive,0.544,pseudo labeled,
driverless cars master roads,IAB2 Automotive,0.544,pseudo labeled,
tmobile att debut volte hd voice,IAB2 Automotive,0.536,pseudo labeled,
gm recalls faulty cars,IAB2 Automotive,0.536,pseudo labeled,
tesla motors inc tsla bullish betting hits fever pitch,IAB2 Automotive,0.536,pseudo labeled,
Trucks have also played a vital role in the development of the automotive industry.,IAB2 Automotive,0.536,synthetic,
daimler demonstrates selfdriving trucks,IAB2 Automotive,0.536,pseudo labeled,
detroits carmakers follow toyota texas,IAB2 Automotive,0.536,pseudo labeled,
chinese auto brands limp beijing show,IAB2 Automotive,0.536,pseudo labeled,
miley cyrus home robbed car stolen,IAB2 Automotive,0.536,pseudo labeled,
apples carplay coming dodge audi jeep fiat others,IAB2 Automotive,0.536,pseudo labeled,
courts ok settlement economic loss toyota unintended acceleration case,IAB2 Automotive,0.536,pseudo labeled,
world trade organization sides us auto trade dispute china,IAB2 Automotive,0.536,pseudo labeled,
gm recalls almost 465000 chevy camaros ignition problem,IAB2 Automotive,0.536,pseudo labeled,
"The auto parts industry is a major driver of innovation, with new technologies being developed all the time to improve the performance and safety of motor vehicles.",IAB2 Automotive,0.536,synthetic,
cadillac goes informative route new elr ad video,IAB2 Automotive,0.536,pseudo labeled,
ford mustang climb empire state building,IAB2 Automotive,0.536,pseudo labeled,
fiat expanding us entry 500x future miata twin,IAB2 Automotive,0.536,pseudo labeled,
chrysler posts 690 million us loss first quarter,IAB2 Automotive,0.536,pseudo labeled,
thailand auto sales seen falling 31 percent year toyota,IAB2 Automotive,0.536,pseudo labeled,
Technological Advancements: Innovations in Car Design and Safety,IAB2 Automotive,0.536,synthetic,
gm recalls 824000 cars,IAB2 Automotive,0.536,pseudo labeled,
pictures google car first driverless car,IAB2 Automotive,0.536,pseudo labeled,
hyundai recalls 880000 sonatas put car park,IAB2 Automotive,0.536,pseudo labeled,
true car ipo expectations,IAB2 Automotive,0.536,pseudo labeled,
Car culture is a complex and multifaceted phenomenon.,IAB2 Automotive,0.536,synthetic,
tmobile sprints next billiondollar buyout target,IAB2 Automotive,0.536,pseudo labeled,
march car sales continue downward twowheelers grow,IAB2 Automotive,0.536,pseudo labeled,
spiders prompt second mazda recall,IAB2 Automotive,0.536,pseudo labeled,
2 automakers sales zoomed ahead may 1 stalled,IAB2 Automotive,0.536,pseudo labeled,
chrysler posts heavy q1 loss,IAB2 Automotive,0.536,pseudo labeled,
2015 corvette z06 convertible revealed,IAB2 Automotive,0.536,pseudo labeled,
gm recalls million vehicles power steering problems,IAB2 Automotive,0.536,pseudo labeled,
video spiders yes spiders cause mazda recall,IAB2 Automotive,0.536,pseudo labeled,
mustang 50th birthday bash las vegas day 2,IAB2 Automotive,0.536,pseudo labeled,
beijing auto show opens amid market slowdown,IAB2 Automotive,0.536,pseudo labeled,
gm recalls buicks china headlight hazard,IAB2 Automotive,0.536,pseudo labeled,
lindsay lohan sues grand theft auto makers claims character based,IAB2 Automotive,0.536,pseudo labeled,
hyundai ix25 compact suv unveiled 2014 beijing motor show,IAB2 Automotive,0.536,pseudo labeled,
next batmobile looks like gonna mean hell,IAB2 Automotive,0.536,pseudo labeled,
chrysler drop dodge grand caravan minivan wider revamp,IAB2 Automotive,0.536,pseudo labeled,
volkswagen dismisses us paccar truck deal,IAB2 Automotive,0.536,pseudo labeled,
roll toyota chalks record profit vehicle sales,IAB2 Automotive,0.536,pseudo labeled,
fiat chrysler group recalls 30000 vehicles,IAB2 Automotive,0.536,pseudo labeled,
report us toyota may reach settlement probe,IAB2 Automotive,0.536,pseudo labeled,
video car safe drive general motors ceo mary barra answers,IAB2 Automotive,0.536,pseudo labeled,
gm recalling 500k camaros ignition switch problem,IAB2 Automotive,0.536,pseudo labeled,
ford mustang 50 year limited edition,IAB2 Automotive,0.536,pseudo labeled,
chevrolet bringing tiny trax suv us,IAB2 Automotive,0.536,pseudo labeled,
test drive chrysler ypsilon chrysler ypsilon,IAB2 Automotive,0.536,pseudo labeled,
"Key figures in the luxury automotive industry have included designers such as Giorgetto Giugiaro, who has designed iconic cars for brands such as Ferrari, Alfa Romeo, and Maserati.",IAB2 Automotive,0.536,synthetic,
gm recalls approximately 32 million cars key defect,IAB2 Automotive,0.536,pseudo labeled,
june 2014 us auto sales chevrolet sedans starting feel impact,IAB2 Automotive,0.536,pseudo labeled,
motorola moto e photos leak ahead tuesday launch event,IAB2 Automotive,0.528,pseudo labeled,
2014 holds us auto recall record 40 million cars,IAB2 Automotive,0.528,pseudo labeled,
2015 nissan versa sedan breaks cover arriving ny next week,IAB2 Automotive,0.528,pseudo labeled,
Trucks & Accessories: A Vital Part of the Automotive Industry,IAB2 Automotive,0.528,synthetic,
general motors first quarter profit dragged recalls,IAB2 Automotive,0.528,pseudo labeled,
tmobile us swings profit,IAB2 Automotive,0.528,pseudo labeled,
canadian auto sales see strong gains march,IAB2 Automotive,0.528,pseudo labeled,
gm recalls 32 million cars ignition concerns,IAB2 Automotive,0.528,pseudo labeled,
motorolas new android wear smartwatch moto 360,IAB2 Automotive,0.528,pseudo labeled,
2015 ford mustang gt 50 year limited edition slice hotness,IAB2 Automotive,0.528,pseudo labeled,
update 5us may car sales jump 16 million beating expectations,IAB2 Automotive,0.528,pseudo labeled,
next tesla sedan called tesla model 3,IAB2 Automotive,0.528,pseudo labeled,
miley cyrus car found,IAB2 Automotive,0.528,pseudo labeled,
live blog motorola moto e launch event happened,IAB2 Automotive,0.528,pseudo labeled,
china car show opens fanfare,IAB2 Automotive,0.528,pseudo labeled,
hyundai recalling nearly 140000 tucson suvs,IAB2 Automotive,0.528,pseudo labeled,
general motors recalls 24 million vehicles us,IAB2 Automotive,0.528,pseudo labeled,
general motors co share price recalls half million camaros,IAB2 Automotive,0.528,pseudo labeled,
new toyota camry risky right bill fay says,IAB2 Automotive,0.528,pseudo labeled,
gm recalls millions vehicles,IAB2 Automotive,0.528,pseudo labeled,
chrysler brand may 2013 car sales,IAB2 Automotive,0.528,pseudo labeled,
general motors recalls 15 lakh cars,IAB2 Automotive,0.528,pseudo labeled,
gm recall chevrolet cruze faulty airbags,IAB2 Automotive,0.528,pseudo labeled,
another gm recall 118 million suvs air bag issue,IAB2 Automotive,0.528,pseudo labeled,
porsche 911 edges redesigned chevrolet corvette,IAB2 Automotive,0.528,pseudo labeled,
apple releases ios 71 featuring carplay,IAB2 Automotive,0.528,pseudo labeled,
exclusive air bag accident lawsuit led gm cruze recall,IAB2 Automotive,0.528,pseudo labeled,
electric carmaker tesla set battery plant panasonic,IAB2 Automotive,0.528,pseudo labeled,
gm recalls 34m cars ignition issues,IAB2 Automotive,0.528,pseudo labeled,
gm canada auto sales jump 12 last year trails ford chrysler,IAB2 Automotive,0.528,pseudo labeled,
ford recalls 600k suvs pair potential safety problems,IAB2 Automotive,0.528,pseudo labeled,
hot cars years new york auto show,IAB2 Automotive,0.528,pseudo labeled,
top 10 bestselling cars june 2014,IAB2 Automotive,0.528,pseudo labeled,
gm recalls 33000 chevy cruzes faulty madeinjapan airbags,IAB2 Automotive,0.528,pseudo labeled,
gm recall 316 million additional cars,IAB2 Automotive,0.528,pseudo labeled,
toyota facing one largest automaker fines ever,IAB2 Automotive,0.528,pseudo labeled,
ford building 50th anniversary mustang,IAB2 Automotive,0.528,pseudo labeled,
auto recalls widen airbag problems,IAB2 Automotive,0.528,pseudo labeled,
2015 volkswagen jetta features specs announced,IAB2 Automotive,0.528,pseudo labeled,
yandex acquires autoru 175m adding car classifieds search,IAB2 Automotive,0.528,pseudo labeled,
ford cmax spot aimed squarely cadillac elr poolside hubris update,IAB2 Automotive,0.528,pseudo labeled,
2015 jeep renegade photo gallery 45 photos,IAB2 Automotive,0.528,pseudo labeled,
new york motor show ford mustang 50 year limited edition,IAB2 Automotive,0.528,pseudo labeled,
lindsay lohan sues grand theft auto v says game character clearly,IAB2 Automotive,0.528,pseudo labeled,
tmobile jumps volte fray seattle deployment,IAB2 Automotive,0.528,pseudo labeled,
demand suvs pickup trucks drives july auto sales canada,IAB2 Automotive,0.528,pseudo labeled,
profile 50 year limited edition 2015 ford mustang,IAB2 Automotive,0.528,pseudo labeled,
bmw m235i earns top ratings consumer reports,IAB2 Automotive,0.528,pseudo labeled,
chevy steers action captain america winter soldier,IAB2 Automotive,0.528,pseudo labeled,
ducati heads back pikes peak defend record,IAB2 Automotive,0.528,pseudo labeled,
chrysler june us sales rise 9,IAB2 Automotive,0.528,pseudo labeled,
general motors recalling another 845 million vehicles,IAB2 Automotive,0.528,pseudo labeled,
chrysler fix recalled jeeps faster expected,IAB2 Automotive,0.528,pseudo labeled,
gm recalls 845 million cars ignition flaw bares compensation fund victims,IAB2 Automotive,0.528,pseudo labeled,
gm recalls 13 million cars steering defect,IAB2 Automotive,0.528,pseudo labeled,
fiat fiaty stock morning,IAB2 Automotive,0.528,pseudo labeled,
honda automakers issue recall airbag defect,IAB2 Automotive,0.528,pseudo labeled,
french montana buys khloe kardashian jeep 30th bday pics,IAB2 Automotive,0.528,pseudo labeled,
lindsay lohan goes mental mallet poor innocent car,IAB2 Automotive,0.528,pseudo labeled,
2015 nissan versa sedan debut new york auto show,IAB2 Automotive,0.528,pseudo labeled,
gm recalls 32million us cars ignition problems,IAB2 Automotive,0.528,pseudo labeled,
chrysler accelerates jeep recall repairs 2018 march,IAB2 Automotive,0.528,pseudo labeled,
general motors mary barra latest victim glass cliff,IAB2 Automotive,0.528,pseudo labeled,
chrysler rides jeeps trucks 17 may sales gain,IAB2 Automotive,0.528,pseudo labeled,
fiat brand still focus europe profit,IAB2 Automotive,0.528,pseudo labeled,
"The automotive industry relies heavily on auto repair to maintain the performance and longevity of vehicles, making it an essential component of the industry's success.",IAB2 Automotive,0.528,synthetic,
chrysler record jeep sales drive us sales 17 may,IAB2 Automotive,0.528,pseudo labeled,
johnson controls spin automotive interiors venture,IAB2 Automotive,0.528,pseudo labeled,
fiat realigns jeep launch india,IAB2 Automotive,0.528,pseudo labeled,
auto sales surprise fast growth,IAB2 Automotive,0.528,pseudo labeled,
chrysler us auto sales jumped 13 percent march,IAB2 Automotive,0.528,pseudo labeled,
spider webs causing problems 19000 suzuki vehicles,IAB2 Automotive,0.528,pseudo labeled,
fiat chrysler make 6 million cars year ceo,IAB2 Automotive,0.528,pseudo labeled,
airbag flaw affects nearly 3 million honda nissan mazda vehicles,IAB2 Automotive,0.528,pseudo labeled,
honda mazda nissan join airbag recall expansion,IAB2 Automotive,0.528,pseudo labeled,
happy 50th birthday ford mustang quick retrospect power,IAB2 Automotive,0.528,pseudo labeled,
gm halts sales chevy cruze,IAB2 Automotive,0.528,pseudo labeled,
china auto show opens amid environmental growth concerns,IAB2 Automotive,0.52,pseudo labeled,
chinese auto brands underdogs beijing show,IAB2 Automotive,0.52,pseudo labeled,
daimler automotive group unveils selfdriving truck,IAB2 Automotive,0.52,pseudo labeled,
march domestic car sales decline 5,IAB2 Automotive,0.52,pseudo labeled,
mercedes recalls 280k cars fix lights,IAB2 Automotive,0.52,pseudo labeled,
gm recalls another 13 million cars steering failures,IAB2 Automotive,0.52,pseudo labeled,
honda nissan mazda recall 28 million cars faulty airbag,IAB2 Automotive,0.52,pseudo labeled,
daimler launches new version tiny smart car,IAB2 Automotive,0.52,pseudo labeled,
gm adds 118m suvs latest recall,IAB2 Automotive,0.52,pseudo labeled,
201415 fiat 500l recalled replace knee airbags,IAB2 Automotive,0.52,pseudo labeled,
winter thaw boosts ford nissan auto sales,IAB2 Automotive,0.52,pseudo labeled,
chrysler recalls 29500 fiat 500 l cars airbag glitch,IAB2 Automotive,0.52,pseudo labeled,
2015 ford mustang 50th anniversary edition says happy birthday new york,IAB2 Automotive,0.52,pseudo labeled,
hell baffled tourists find ford mustang parked top empire state,IAB2 Automotive,0.52,pseudo labeled,
honda nissan mazda recall 3 million cars airbag problem,IAB2 Automotive,0.52,pseudo labeled,
chevy corvette z06 auctioned benefit karmanos center,IAB2 Automotive,0.52,pseudo labeled,
bmw recalls 3 series fix airbag problem,IAB2 Automotive,0.52,pseudo labeled,
tmobile lights volte us att follow tomorrow,IAB2 Automotive,0.52,pseudo labeled,
massive car orgy hits new york city,IAB2 Automotive,0.52,pseudo labeled,
spiders lead mazda recall,IAB2 Automotive,0.52,pseudo labeled,
general motors victim compensation fund generous fair,IAB2 Automotive,0.52,pseudo labeled,
chinas international auto show opens amid environmental growth concerns,IAB2 Automotive,0.52,pseudo labeled,
gm recalls thousands new pickups suvs,IAB2 Automotive,0.52,pseudo labeled,
sleeker 2015 camry aimed younger buyers,IAB2 Automotive,0.52,pseudo labeled,
canadian auto sales set may record ford toyota hyundai lag others,IAB2 Automotive,0.52,pseudo labeled,
2014 new york auto show corvette z06 convertible,IAB2 Automotive,0.52,pseudo labeled,
low interest rates help boost june auto sales,IAB2 Automotive,0.52,pseudo labeled,
ford puts mustang convertible top empire state building,IAB2 Automotive,0.52,pseudo labeled,
2014 new york auto show,IAB2 Automotive,0.52,pseudo labeled,
auto sales surge last half march,IAB2 Automotive,0.52,pseudo labeled,
another gm recall 18m suvs air bag issue,IAB2 Automotive,0.52,pseudo labeled,
gm recalls 316 million vehicles fix ignition switches,IAB2 Automotive,0.52,pseudo labeled,
tesla confirms model x suv plans,IAB2 Automotive,0.52,pseudo labeled,
gm recalls 34m cars ignition problems,IAB2 Automotive,0.52,pseudo labeled,
car maker tesla open patents,IAB2 Automotive,0.52,pseudo labeled,
gm recalls another 336 million cars problem linked 8 crashes,IAB2 Automotive,0.52,pseudo labeled,
gms cobalt airbag claims cars class,IAB2 Automotive,0.52,pseudo labeled,
wall street gains auto sales better anticipated gms report delayed,IAB2 Automotive,0.52,pseudo labeled,
mark phelan fiat chrysler needs fulfill promises,IAB2 Automotive,0.52,pseudo labeled,
fiat chrysler launch jeep brand 11 models india,IAB2 Automotive,0.52,pseudo labeled,
gm recalls 32 million us cars ignition problems,IAB2 Automotive,0.52,pseudo labeled,
general motors faces criminal investigation ignition recall,IAB2 Automotive,0.52,pseudo labeled,
car windshield cleaning fluid carries deadly legionnaires bacteria,IAB2 Automotive,0.52,pseudo labeled,
teslas gullwinged model x go production early 2015,IAB2 Automotive,0.52,pseudo labeled,
chrysler march us sales rise 13,IAB2 Automotive,0.52,pseudo labeled,
gm move cadillac srx production tenn,IAB2 Automotive,0.52,pseudo labeled,
horseless carriage goes display nyc,IAB2 Automotive,0.52,pseudo labeled,
indias oldest car factory suspends production iconic ambassador,IAB2 Automotive,0.52,pseudo labeled,
oscar producers team 2015 edition,IAB2 Automotive,0.52,pseudo labeled,
gm recalls another 13million cars powersteering issue,IAB2 Automotive,0.52,pseudo labeled,
whats affecting tesla motors inc nasdaqtsla 2 automakers ford,IAB2 Automotive,0.52,pseudo labeled,
somebody call lily att tmobile gets accused ftc,IAB2 Automotive,0.52,pseudo labeled,
target porsche 911 chevrolet told engineers limits,IAB2 Automotive,0.52,pseudo labeled,
2014 jeep cherokee first drive review,IAB2 Automotive,0.52,pseudo labeled,
highlights toyotas deferred prosecution agreement prosecutors,IAB2 Automotive,0.52,pseudo labeled,
2015 corvette convertible dream car watch,IAB2 Automotive,0.52,pseudo labeled,
camaro recall among latest gm headaches,IAB2 Automotive,0.52,pseudo labeled,
tesla motors inc tsla huge buying opportunity,IAB2 Automotive,0.52,pseudo labeled,
update 6fiat chrysler bets jeep alfa revamp go global,IAB2 Automotive,0.52,pseudo labeled,
backlash tmobile us officially underway,IAB2 Automotive,0.52,pseudo labeled,
teslas 2017 massmarket ev called model 3 roadster upgraded,IAB2 Automotive,0.512,pseudo labeled,
autonation profit misses expectations shares drop,IAB2 Automotive,0.512,pseudo labeled,
"Auto racing is a demanding sport that requires skill, courage, and mental fortitude.",IAB2 Automotive,0.512,synthetic,
201314 chevrolet cruze recalled airbag problem,IAB2 Automotive,0.512,pseudo labeled,
recall alert 20042008 chevrolet aveo,IAB2 Automotive,0.512,pseudo labeled,
china auto show opens amid concerns,IAB2 Automotive,0.512,pseudo labeled,
official dodge challenger srt hellcat makes 527kw 881nm,IAB2 Automotive,0.512,pseudo labeled,
general motors june sales 1 despite recalls 25 million,IAB2 Automotive,0.512,pseudo labeled,
toyota highlander recall,IAB2 Automotive,0.512,pseudo labeled,
android auto brings power google car,IAB2 Automotive,0.512,pseudo labeled,
general motors recalls 3 million cars protest ignition switch,IAB2 Automotive,0.512,pseudo labeled,
corvette introduce convertible,IAB2 Automotive,0.512,pseudo labeled,
march auto sales projected grow 2 percent,IAB2 Automotive,0.512,pseudo labeled,
tmobile galaxy s5 cost 0 preorders begin march 24,IAB2 Automotive,0.512,pseudo labeled,
"Automakers are constantly innovating in the crossover segment, offering new features and technologies to attract consumers.",IAB2 Automotive,0.512,synthetic,
indias iconic ambassador car stalls,IAB2 Automotive,0.512,pseudo labeled,
even uk loves c2 corvette stingray,IAB2 Automotive,0.512,pseudo labeled,
tmobile well sell sprint,IAB2 Automotive,0.512,pseudo labeled,
general motors recalls another 26 million vehicles repairs,IAB2 Automotive,0.512,pseudo labeled,
"The automotive industry is constantly evolving, and auto repair must adapt to meet the changing needs of vehicles and the demands of vehicle owners.",IAB2 Automotive,0.512,synthetic,
open source electric cars,IAB2 Automotive,0.512,pseudo labeled,
gm halts sale 2013 2014 chevy cruze due possible airbag defect,IAB2 Automotive,0.512,pseudo labeled,
louvers chrome 2015 ford mustang 50th anniversary edition,IAB2 Automotive,0.512,pseudo labeled,
"Notable events in auto repair history include the invention of the automobile, the development of standardized repair procedures, and the rise of computerized diagnostics.",IAB2 Automotive,0.512,synthetic,
latest gm recalls include chevy camaro,IAB2 Automotive,0.512,pseudo labeled,
honda mazda nissan recall millions vehicles airbags,IAB2 Automotive,0.512,pseudo labeled,
rick hendrick buys first c7 z06 corvette 1 million,IAB2 Automotive,0.512,pseudo labeled,
"The sedan, a classic automotive body style, has played a significant role in the history of the automobile industry.",IAB2 Automotive,0.512,synthetic,
ford chrysler recall hundreds thousands vehicles software issues,IAB2 Automotive,0.512,pseudo labeled,
tmobile activates volte seattle,IAB2 Automotive,0.512,pseudo labeled,
gm recalls 3 million cars flawed ignition switch,IAB2 Automotive,0.512,pseudo labeled,
lindsay lohan sues grand theft auto v alleged likeness,IAB2 Automotive,0.512,pseudo labeled,
automaker gms wait saturn ion safety recall took years,IAB2 Automotive,0.512,pseudo labeled,
chrysler goes mainstream dodge flexes muscles jeep climbs across,IAB2 Automotive,0.512,pseudo labeled,
driverless cars start master city streets,IAB2 Automotive,0.512,pseudo labeled,
marchionne stay helm fiat chrysler 2018,IAB2 Automotive,0.512,pseudo labeled,
car company never want buy,IAB2 Automotive,0.512,pseudo labeled,
auto recalls hit record level us,IAB2 Automotive,0.512,pseudo labeled,
lindsay lohan sues grand theft auto v,IAB2 Automotive,0.512,pseudo labeled,
motorola mobility said likely escape eu fine patents,IAB2 Automotive,0.512,pseudo labeled,
retail sales march best since 2012 auto sales surge,IAB2 Automotive,0.512,pseudo labeled,
miley cyrus maserati jewelry stolen la home,IAB2 Automotive,0.512,pseudo labeled,
