text,confidence,iab_label
movement artistic movements: seelist of art movements.,0.85,IAB14 Society
movement independence movements: seelists of active separatist movementsandlist of historical separatist movements,0.85,IAB14 Society
movement revolutionary movements: seelist of revolutions and rebellions,0.85,IAB14 Society
movement religious and spiritual movements: seelist of religions and spiritual traditionsandlist of new religious movements,0.85,IAB14 Society
movement 20x20 movement,0.85,IAB14 Society
movement 9/11 truth movement,0.85,IAB14 Society
movement abolitionist movement,0.85,IAB14 Society
movement act up,0.85,IAB14 Society
movement alternative movement,0.85,IAB14 Society
movement animal rebellion,0.85,IAB14 Society
movement anti-apartheid movement,0.85,IAB14 Society
movement anti-capitalism,0.85,IAB14 Society
movement anti-consumerism,0.85,IAB14 Society
movement anti-corporate activism,0.85,IAB14 Society
movement anti-extradition law amendment bill movement,0.85,IAB14 Society
movement anti-fascism,0.85,IAB14 Society
movement anti-globalization movement,0.85,IAB14 Society
movement anti-jock movement,0.85,IAB14 Society
movement anti-liberalism,0.85,IAB14 Society
movement anti-nuclear movement,0.85,IAB14 Society
movement anti-psychiatry movement,0.85,IAB14 Society
movement anti-war movement,0.85,IAB14 Society
movement anti-work movement,0.85,IAB14 Society
movement anti-vaccination movement,0.85,IAB14 Society
movement alt-right,0.85,IAB14 Society
movement asian american movement,0.85,IAB14 Society
movement austro-slavism,0.85,IAB14 Society
movement autism rights movementmovement advocating for the right of people who are considered neurally divergent (anti-psychiatry),0.85,IAB14 Society
movement berlin movement,0.85,IAB14 Society
movement black consciousness movement,0.85,IAB14 Society
movement black lives matter,0.85,IAB14 Society
movement black power movement,0.85,IAB14 Society
"movement boycott, divestment, and sanctions",0.85,IAB14 Society
movement brights movement,0.85,IAB14 Society
movement chicano movement,0.85,IAB14 Society
movement children's rights movement,0.85,IAB14 Society
movement civil rights movement,0.85,IAB14 Society
movement climate movement,0.85,IAB14 Society
movement conservation movement,0.85,IAB14 Society
movement counterculture movement,0.85,IAB14 Society
movement czech national revival,0.85,IAB14 Society
movement cooperative movement,0.85,IAB14 Society
movement cultural movement,0.85,IAB14 Society
movement decolonization,0.85,IAB14 Society
movement decretalist,0.85,IAB14 Society
movement decretist,0.85,IAB14 Society
movement disability rights movement,0.85,IAB14 Society
movement earth first!,0.85,IAB14 Society
movement ecofeminism,0.85,IAB14 Society
movement ecomasculinity,0.85,IAB14 Society
movement economy for the common good,0.85,IAB14 Society
movement effective altruism,0.85,IAB14 Society
movement efficiency movement,0.85,IAB14 Society
movement environmental justice movement,0.85,IAB14 Society
movement environmental movement,0.85,IAB14 Society
movement esperanto movement,0.85,IAB14 Society
movement ethiopian movement,0.85,IAB14 Society
movement extinction rebellion,0.85,IAB14 Society
movement fair trade movement,0.85,IAB14 Society
movement farm-to-table movement,0.85,IAB14 Society
movement farm worker movement,0.85,IAB14 Society
movement feminist movement,0.85,IAB14 Society
movement free culture movement,0.85,IAB14 Society
movement freedom and people's rights movement,0.85,IAB14 Society
movement free love,0.85,IAB14 Society
movement free school movement,0.85,IAB14 Society
movement free software movement,0.85,IAB14 Society
movement galician russophilia,0.85,IAB14 Society
movement gerakan harapan baru(new hope movement in malaysia),0.85,IAB14 Society
movement global citizens movement,0.85,IAB14 Society
movement global justice movement,0.85,IAB14 Society
movement going to the people,0.85,IAB14 Society
movement goliards,0.85,IAB14 Society
movement greece aganaktismenoi movements,0.85,IAB14 Society
movement guelphs and ghibellines,0.85,IAB14 Society
movement health at every size,0.85,IAB14 Society
movement health freedom movement,0.85,IAB14 Society
movement hippie movement,0.85,IAB14 Society
movement hizmet movement,0.85,IAB14 Society
movement hot girl walk,0.85,IAB14 Society
movement human rights movement,0.85,IAB14 Society
movement identitarian movement,0.85,IAB14 Society
movement illyrian movement,0.85,IAB14 Society
movement immigrant rights movement,0.85,IAB14 Society
movement india against corruption,0.85,IAB14 Society
movement indigenous peoples movement,0.85,IAB14 Society
movement indigenous movements in the americas,0.85,IAB14 Society
movement 2017 pro-jallikattu protests,0.85,IAB14 Society
movement labor movement,0.85,IAB14 Society
movement landless peoples movement(south africa),0.85,IAB14 Society
"movement landless workers' movement(mst), the landless workers' movement in brazil",0.85,IAB14 Society
movement lawyers' movementinpakistan,0.85,IAB14 Society
movement lebensreform,0.85,IAB14 Society
movement lgbt rights opposition,0.85,IAB14 Society
movement lgbt social movements,0.85,IAB14 Society
movement lily-white movement,0.85,IAB14 Society
movement mad pride(psychiatricsocial movement),0.85,IAB14 Society
movement march for our lives movement,0.85,IAB14 Society
movement masculinism movement,0.85,IAB14 Society
movement men's rights movement,0.85,IAB14 Society
movement men's liberation movement,0.85,IAB14 Society
movement me too movement,0.85,IAB14 Society
movement mothers against drunk driving,0.85,IAB14 Society
movement multiculturalism,0.85,IAB14 Society
movement namantar andolan(change movement among dalits in india),0.85,IAB14 Society
movement narmada bachao andolan,0.85,IAB14 Society
movement national cleanup day,0.85,IAB14 Society
movement neo-slavism,0.85,IAB14 Society
movement new enlightenment,0.85,IAB14 Society
movement new right (south korea),0.85,IAB14 Society
movement non-cooperation movement,0.85,IAB14 Society
movement nonviolence movement,0.85,IAB14 Society
movement occupy movement,0.85,IAB14 Society
movement occupy wall street,0.85,IAB14 Society
movement organic movement,0.85,IAB14 Society
movement plogging,0.85,IAB14 Society
movement pochvennichestvo,0.85,IAB14 Society
movement popular assembly of the peoples of oaxaca,0.85,IAB14 Society
movement pro-choice movement,0.85,IAB14 Society
movement pro-life movement,0.85,IAB14 Society
movement psychiatric survivors movement,0.85,IAB14 Society
movement psilocybin decriminalization in the united states,0.85,IAB14 Society
movement qanon,0.85,IAB14 Society
movement rape crisis movement,0.85,IAB14 Society
movement rastafari movement,0.85,IAB14 Society
movement reform movementsin theunited states,0.85,IAB14 Society
movement reproductive justice,0.85,IAB14 Society
movement right to health,0.85,IAB14 Society
movement right to life,0.85,IAB14 Society
movement rural people's movement,0.85,IAB14 Society
movement russian nihilist movement,0.85,IAB14 Society
movement scouting movement,0.85,IAB14 Society
movement salt march(salt satyagraha movement),0.85,IAB14 Society
movement skeptical movement,0.85,IAB14 Society
movement sex-positive movement,0.85,IAB14 Society
movement sex workers' rights movement,0.85,IAB14 Society
movement slow food movement,0.85,IAB14 Society
movement slow movement,0.85,IAB14 Society
movement situationist international,0.85,IAB14 Society
movement slavophilia,0.85,IAB14 Society
movement smenovekhovtsy,0.85,IAB14 Society
movement social democracy,0.85,IAB14 Society
movement south african unemployed peoples' movement,0.85,IAB14 Society
movement soviet jewry movement,0.85,IAB14 Society
movement student movement,0.85,IAB14 Society
movement sunrise movement,0.85,IAB14 Society
movement taishō democracy movement,0.85,IAB14 Society
movement tangwai movement,0.85,IAB14 Society
movement tea party movement,0.85,IAB14 Society
movement temperance movement,0.85,IAB14 Society
movement the bees army,0.85,IAB14 Society
movement the zeitgeist movement,0.85,IAB14 Society
movement time to change,0.85,IAB14 Society
movement time's up (movement),0.85,IAB14 Society
movement treatment action campaign- movement struggling for hiv/aids treatment in south africa,0.85,IAB14 Society
movement umbrella movement,0.85,IAB14 Society
movement veganism,0.85,IAB14 Society
"movement via campesina- international peasants movement representing 150 million people, advocatingfood sovereignty.",0.85,IAB14 Society
movement voluntary human extinction movement,0.85,IAB14 Society
movement white wednesdays,0.85,IAB14 Society
movement western cape anti-eviction campaignsouth african movement struggling against evictions,0.85,IAB14 Society
movement westernizer,0.85,IAB14 Society
movement white power movement,0.85,IAB14 Society
movement wikimedia movement,0.85,IAB14 Society
movement women against war,0.85,IAB14 Society
movement woman's exchange movement,0.85,IAB14 Society
movement women's liberation movement,0.85,IAB14 Society
movement women's suffrage,0.85,IAB14 Society
movement workplace spirituality,0.85,IAB14 Society
movement yug nirman yojana,0.85,IAB14 Society
movement asa section on collective behavior and social movements,0.85,IAB14 Society
movement mobilizationjournal,0.85,IAB14 Society
"movement research in social movements, conflicts and changejournal",0.85,IAB14 Society
"movement social movement studies: journal of social, cultural and political protest",0.85,IAB14 Society
movement interface: a journal for and about social movements,0.85,IAB14 Society
movement social movements: a summary of what works (pdf),0.85,IAB14 Society
civil rights civil rights movement portal,0.85,IAB14 Society
civil rights abolition of slavery timeline,0.85,IAB14 Society
civil rights civil rights movement (1896–1954),0.85,IAB14 Society
civil rights civil rights movement,0.85,IAB14 Society
civil rights chicano movement,0.85,IAB14 Society
civil rights civil and political rights,0.85,IAB14 Society
civil rights civil liberties in the united kingdom,0.85,IAB14 Society
civil rights convention on the elimination of all forms of discrimination against women,0.85,IAB14 Society
civil rights convention on the political rights of women,0.85,IAB14 Society
civil rights counterculture of the 1960s,0.85,IAB14 Society
civil rights declaration of the rights of man and of the citizen,0.85,IAB14 Society
civil rights declaration of the rights of woman and of the female citizen,0.85,IAB14 Society
civil rights declaration on the elimination of discrimination against women,0.85,IAB14 Society
civil rights english bill of rights,0.85,IAB14 Society
civil rights equality before the law,0.85,IAB14 Society
civil rights european convention on human rights,0.85,IAB14 Society
civil rights founding fathers of the united statesafrican american founding fathers of the united states,0.85,IAB14 Society
civil rights free speech fight,0.85,IAB14 Society
civil rights free speech movement,0.85,IAB14 Society
civil rights history of human rights,0.85,IAB14 Society
civil rights human rights,0.85,IAB14 Society
civil rights human rights awards,0.85,IAB14 Society
civil rights international covenant on civil and political rights,0.85,IAB14 Society
civil rights lgbt rights by country,0.85,IAB14 Society
civil rights lgbt social movements,0.85,IAB14 Society
civil rights cannabis rights leaders,0.85,IAB14 Society
civil rights human rights organizations,0.85,IAB14 Society
civil rights indigenous rights organizations,0.85,IAB14 Society
civil rights lgbt rights activists,0.85,IAB14 Society
civil rights lgbt rights organizations,0.85,IAB14 Society
civil rights nobel peace prize laureates,0.85,IAB14 Society
civil rights peace activists,0.85,IAB14 Society
civil rights suffragists and suffragettes,0.85,IAB14 Society
civil rights women's rights activists,0.85,IAB14 Society
civil rights magna carta,0.85,IAB14 Society
civil rights national human rights institutions,0.85,IAB14 Society
civil rights seneca falls convention,0.85,IAB14 Society
civil rights status of same-sex marriage,0.85,IAB14 Society
civil rights suffrage,0.85,IAB14 Society
civil rights timeline of the civil rights movement,0.85,IAB14 Society
civil rights timeline of first women's suffrage in majority-muslim countries,0.85,IAB14 Society
civil rights timeline of women's rights (other than voting),0.85,IAB14 Society
civil rights timeline of women's suffrage,0.85,IAB14 Society
civil rights united nations high commissioner for human rights,0.85,IAB14 Society
civil rights united nations human rights committee,0.85,IAB14 Society
civil rights united nations human rights council,0.85,IAB14 Society
civil rights united states bill of rights,0.85,IAB14 Society
civil rights universal declaration of human rights,0.85,IAB14 Society
civil rights universal suffrage,0.85,IAB14 Society
civil rights virginia declaration of rights,0.85,IAB14 Society
civil rights women's rights,0.85,IAB14 Society
civil rights women's suffrage,0.85,IAB14 Society
civil rights african american founding fathers of the united states,0.85,IAB14 Society
civil rights blackhistorydaily.com – activists,0.85,IAB14 Society
civil rights right to run for officeage of candidacybanned,0.85,IAB14 Society
civil rights womensuffragettewomen's liberation movement,0.85,IAB14 Society
civil rights men,0.85,IAB14 Society
civil rights black,0.85,IAB14 Society
civil rights youthdemeny voting,0.85,IAB14 Society
civil rights non-citizen,0.85,IAB14 Society
civil rights non-resident citizen,0.85,IAB14 Society
civil rights voting age,0.85,IAB14 Society
"civil rights free and fair electionone man, one votesecret ballot",0.85,IAB14 Society
civil rights compulsory voting,0.85,IAB14 Society
civil rights disfranchisement,0.85,IAB14 Society
civil rights voter turnout,0.85,IAB14 Society
civil rights age of candidacy,0.85,IAB14 Society
civil rights banned,0.85,IAB14 Society
civil rights suffragette,0.85,IAB14 Society
civil rights women's liberation movement,0.85,IAB14 Society
civil rights demeny voting,0.85,IAB14 Society
"civil rights one man, one vote",0.85,IAB14 Society
civil rights secret ballot,0.85,IAB14 Society
civil rights austria,0.85,IAB14 Society
civil rights australia1902 commonwealth franchise actaboriginalwomen,0.85,IAB14 Society
civil rights canada,0.85,IAB14 Society
civil rights chile,0.85,IAB14 Society
civil rights colombia,0.85,IAB14 Society
civil rights ecuador,0.85,IAB14 Society
civil rights hong kong,0.85,IAB14 Society
civil rights india,0.85,IAB14 Society
civil rights japan,0.85,IAB14 Society
civil rights kuwait,0.85,IAB14 Society
civil rights liechtenstein,0.85,IAB14 Society
civil rights mexico,0.85,IAB14 Society
civil rights new zealand,0.85,IAB14 Society
"civil rights spain (civil war,francoist)",0.85,IAB14 Society
civil rights sri lanka,0.85,IAB14 Society
civil rights sweden,0.85,IAB14 Society
civil rights switzerland,0.85,IAB14 Society
civil rights united kingdomwomencayman islandsscotlandwaleslaws183219181928,0.85,IAB14 Society
"civil rights united stateswomenafrican americansnative americansfelonsforeignersdistrict of columbiapuerto ricostatesconstitutional amendments:15th,19th,23rd,24th,26thindian citizenship act1965 voting rights act",0.85,IAB14 Society
civil rights 1902 commonwealth franchise act,0.85,IAB14 Society
civil rights aboriginal,0.85,IAB14 Society
civil rights women,0.85,IAB14 Society
civil rights womencayman islandsscotlandwales,0.85,IAB14 Society
civil rights laws183219181928,0.85,IAB14 Society
civil rights cayman islands,0.85,IAB14 Society
civil rights scotland,0.85,IAB14 Society
civil rights wales,0.85,IAB14 Society
civil rights 1832,0.85,IAB14 Society
civil rights 1918,0.85,IAB14 Society
civil rights 1928,0.85,IAB14 Society
civil rights african americans,0.85,IAB14 Society
civil rights native americans,0.85,IAB14 Society
civil rights felons,0.85,IAB14 Society
civil rights foreigners,0.85,IAB14 Society
civil rights district of columbia,0.85,IAB14 Society
civil rights puerto rico,0.85,IAB14 Society
civil rights states,0.85,IAB14 Society
"civil rights constitutional amendments:15th,19th,23rd,24th,26th",0.85,IAB14 Society
civil rights indian citizenship act,0.85,IAB14 Society
civil rights 1965 voting rights act,0.85,IAB14 Society
civil rights international woman suffrage allianceconferences1st2nd3rd4th5th6th7th8th9th10th11th12th13th14th,0.85,IAB14 Society
civil rights 1st,0.85,IAB14 Society
civil rights 2nd,0.85,IAB14 Society
civil rights 3rd,0.85,IAB14 Society
civil rights 4th,0.85,IAB14 Society
civil rights 5th,0.85,IAB14 Society
civil rights 6th,0.85,IAB14 Society
civil rights 7th,0.85,IAB14 Society
civil rights 8th,0.85,IAB14 Society
civil rights 9th,0.85,IAB14 Society
civil rights 10th,0.85,IAB14 Society
civil rights 11th,0.85,IAB14 Society
civil rights 12th,0.85,IAB14 Society
civil rights 13th,0.85,IAB14 Society
civil rights 14th,0.85,IAB14 Society
civil rights hong kong 1 july marches,0.85,IAB14 Society
civil rights 2014 hong kong protests,0.85,IAB14 Society
civil rights 2019–2020 hong kong protests,0.85,IAB14 Society
civil rights wspu march (1906),0.85,IAB14 Society
civil rights mud march (1907),0.85,IAB14 Society
civil rights women's sunday (1908),0.85,IAB14 Society
civil rights black friday (1910),0.85,IAB14 Society
civil rights battle of downing street (1910),0.85,IAB14 Society
civil rights women's coronation procession (1911),0.85,IAB14 Society
civil rights great pilgrimage (1913),0.85,IAB14 Society
civil rights open christmas letter (1914),0.85,IAB14 Society
civil rights suffragette bombing and arson campaign,0.85,IAB14 Society
civil rights seneca falls convention (1848),0.85,IAB14 Society
civil rights declaration of sentiments (1848),0.85,IAB14 Society
civil rights rochester convention (1848),0.85,IAB14 Society
civil rights ohio women's convention (1850),0.85,IAB14 Society
civil rights ohio women's convention (1851),0.85,IAB14 Society
civil rights national women's rights convention (1850–1869),0.85,IAB14 Society
civil rights trial of susan b. anthony (1872–1873),0.85,IAB14 Society
civil rights suffrage hikes (1912–1914),0.85,IAB14 Society
civil rights woman suffrage procession (1913),0.85,IAB14 Society
civil rights suffrage torch,0.85,IAB14 Society
civil rights suffrage special (1916),0.85,IAB14 Society
civil rights silent sentinels (1917–1919)night of terrorprison special,0.85,IAB14 Society
civil rights 1920 united states presidential election,0.85,IAB14 Society
"civil rights ""give us the ballot"" (1957)",0.85,IAB14 Society
civil rights freedom summer (1964),0.85,IAB14 Society
civil rights selma to montgomery marches (1965),0.85,IAB14 Society
civil rights night of terror,0.85,IAB14 Society
civil rights prison special,0.85,IAB14 Society
civil rights timeline of women's suffrageusin majority-muslim countries,0.85,IAB14 Society
civil rights historiography of the suffragettes,0.85,IAB14 Society
civil rights women's suffrage organizations and publications,0.85,IAB14 Society
civil rights leser v. garnett,0.85,IAB14 Society
civil rights belmont–paul monument,0.85,IAB14 Society
"civil rights rise up, women(emmeline pankhurst statue)",0.85,IAB14 Society
civil rights emmeline and christabel pankhurst memorial,0.85,IAB14 Society
civil rights elizabeth cady stantonstatue,0.85,IAB14 Society
civil rights suffragette memorial,0.85,IAB14 Society
civil rights portrait monument,0.85,IAB14 Society
civil rights women's rights pioneers monument,0.85,IAB14 Society
civil rights forwardstatue,0.85,IAB14 Society
civil rights kate sheppard national memorial,0.85,IAB14 Society
civil rights millicent fawcettstatue,0.85,IAB14 Society
civil rights great petition(2008 sculpture),0.85,IAB14 Society
civil rights centenary of women's suffrage commemorative fountain,0.85,IAB14 Society
civil rights resilience,0.85,IAB14 Society
civil rights turning point suffragist memorial,0.85,IAB14 Society
civil rights eagle house,0.85,IAB14 Society
civil rights pankhurst centre,0.85,IAB14 Society
civil rights paulsdale,0.85,IAB14 Society
civil rights suffragette handkerchief,0.85,IAB14 Society
civil rights holloway banner,0.85,IAB14 Society
civil rights holloway brooch,0.85,IAB14 Society
civil rights holloway jingles,0.85,IAB14 Society
civil rights hunger strike medal,0.85,IAB14 Society
civil rights justice bell,0.85,IAB14 Society
civil rights suffrage jewellery,0.85,IAB14 Society
civil rights suffragette penny,0.85,IAB14 Society
civil rights suffrage oak,0.85,IAB14 Society
civil rights women's rights national historical park,0.85,IAB14 Society
civil rights women's suffrage national monument,0.85,IAB14 Society
civil rights international women's day,0.85,IAB14 Society
civil rights susan b. anthony day,0.85,IAB14 Society
civil rights women's equality day,0.85,IAB14 Society
civil rights us,0.85,IAB14 Society
civil rights in majority-muslim countries,0.85,IAB14 Society
"civil rights ""the women's marseillaise""",0.85,IAB14 Society
"civil rights ""the march of the women"" (1910 song)",0.85,IAB14 Society
civil rights the mother of us all(1947 opera),0.85,IAB14 Society
"civil rights ""sister suffragette"" (1964 song)",0.85,IAB14 Society
civil rights suffrage plays,0.85,IAB14 Society
civil rights women's suffrage in film,0.85,IAB14 Society
civil rights votes for women(1912 film),0.85,IAB14 Society
civil rights shoulder to shoulder(1974 series),0.85,IAB14 Society
civil rights not for ourselves alone(1999 documentary),0.85,IAB14 Society
civil rights iron jawed angels(2004 film),0.85,IAB14 Society
civil rights up the women(2013 sitcom),0.85,IAB14 Society
civil rights selma(2014 film),0.85,IAB14 Society
civil rights suffragette(2015 film),0.85,IAB14 Society
civil rights sylvia(2018 musical),0.85,IAB14 Society
civil rights suffs(2022 musical),0.85,IAB14 Society
civil rights lioness(upcoming film),0.85,IAB14 Society
civil rights susan b. anthony dollar,0.85,IAB14 Society
civil rights national voting rights museum (us),0.85,IAB14 Society
civil rights new zealand ten-dollar note,0.85,IAB14 Society
civil rights women's suffrage centennial silver dollar(2020 u.s. commemorative),0.85,IAB14 Society
civil rights 2020 us ten-dollar bill,0.85,IAB14 Society
civil rights art in the women's suffrage movement in the united states,0.85,IAB14 Society
civil rights music and women's suffrage in the united states,0.85,IAB14 Society
civil rights timeline,0.85,IAB14 Society
civil rights first-wave,0.85,IAB14 Society
civil rights second-wavetimeline,0.85,IAB14 Society
civil rights third-wave,0.85,IAB14 Society
civil rights fourth-wave,0.85,IAB14 Society
civil rights bicycling and feminism,0.85,IAB14 Society
civil rights feminist history,0.85,IAB14 Society
civil rights women's history,0.85,IAB14 Society
civil rights timeline of women's legal rights (other than voting),0.85,IAB14 Society
civil rights australia,0.85,IAB14 Society
civil rights majority-muslim countries,0.85,IAB14 Society
civil rights united kingdomwales,0.85,IAB14 Society
civil rights united statestimelineafrican-americanstates ofutahvirginiawyoming,0.85,IAB14 Society
civil rights african-american,0.85,IAB14 Society
civil rights states ofutahvirginiawyoming,0.85,IAB14 Society
civil rights utah,0.85,IAB14 Society
civil rights virginia,0.85,IAB14 Society
civil rights wyoming,0.85,IAB14 Society
civil rights analytical,0.85,IAB14 Society
civil rights anarchist,0.85,IAB14 Society
civil rights anti-abortion,0.85,IAB14 Society
civil rights anti-fascist,0.85,IAB14 Society
civil rights atheist,0.85,IAB14 Society
civil rights carceral,0.85,IAB14 Society
civil rights choice,0.85,IAB14 Society
civil rights conservative,0.85,IAB14 Society
civil rights cultural,0.85,IAB14 Society
civil rights cyberhci,0.85,IAB14 Society
civil rights difference,0.85,IAB14 Society
civil rights ecovegetarian,0.85,IAB14 Society
civil rights equality,0.85,IAB14 Society
civil rights eugenic,0.85,IAB14 Society
civil rights fat,0.85,IAB14 Society
civil rights gender-critical or trans-exclusionary,0.85,IAB14 Society
civil rights global,0.85,IAB14 Society
civil rights hip hopactivism,0.85,IAB14 Society
civil rights individualist,0.85,IAB14 Society
civil rights labor,0.85,IAB14 Society
civil rights lesbian,0.85,IAB14 Society
civil rights liberalequity,0.85,IAB14 Society
civil rights lipstick,0.85,IAB14 Society
civil rights materialist,0.85,IAB14 Society
civil rights maternal,0.85,IAB14 Society
civil rights neo-,0.85,IAB14 Society
civil rights new,0.85,IAB14 Society
civil rights post-,0.85,IAB14 Society
civil rights postcolonial,0.85,IAB14 Society
civil rights postmodern,0.85,IAB14 Society
civil rights post-structural,0.85,IAB14 Society
civil rights radical,0.85,IAB14 Society
civil rights reactionary,0.85,IAB14 Society
civil rights separatism,0.85,IAB14 Society
civil rights sex-positive,0.85,IAB14 Society
civil rights social,0.85,IAB14 Society
civil rights socialistmarxist,0.85,IAB14 Society
civil rights standpoint,0.85,IAB14 Society
civil rights state,0.85,IAB14 Society
civil rights trans,0.85,IAB14 Society
civil rights transnational,0.85,IAB14 Society
civil rights victim,0.85,IAB14 Society
civil rights womanismafricana,0.85,IAB14 Society
civil rights women's liberation,0.85,IAB14 Society
civil rights hci,0.85,IAB14 Society
civil rights vegetarian,0.85,IAB14 Society
civil rights activism,0.85,IAB14 Society
civil rights equity,0.85,IAB14 Society
civil rights marxist,0.85,IAB14 Society
civil rights africana,0.85,IAB14 Society
civil rights buddhist,0.85,IAB14 Society
civil rights christianmormonnewwomanistasian,0.85,IAB14 Society
civil rights neopagandianic wiccareclaimingecofeminist,0.85,IAB14 Society
civil rights hindu,0.85,IAB14 Society
civil rights islamic,0.85,IAB14 Society
civil rights jewishorthodox,0.85,IAB14 Society
civil rights sikh,0.85,IAB14 Society
civil rights mormon,0.85,IAB14 Society
civil rights womanist,0.85,IAB14 Society
civil rights asian,0.85,IAB14 Society
civil rights dianic wicca,0.85,IAB14 Society
civil rights reclaiming,0.85,IAB14 Society
civil rights ecofeminist,0.85,IAB14 Society
civil rights orthodox,0.85,IAB14 Society
civil rights kurdish (jineology),0.85,IAB14 Society
civil rights native american,0.85,IAB14 Society
civil rights sámi,0.85,IAB14 Society
civil rights mizrahi,0.85,IAB14 Society
civil rights antinaturalism,0.85,IAB14 Society
civil rights choice feminism,0.85,IAB14 Society
civil rights cognitive labor,0.85,IAB14 Society
civil rights complementarianism,0.85,IAB14 Society
civil rights literaturechildren's literature,0.85,IAB14 Society
civil rights diversity (politics),0.85,IAB14 Society
"civil rights diversity, equity, and inclusion",0.85,IAB14 Society
civil rights effects on society,0.85,IAB14 Society
civil rights female education,0.85,IAB14 Society
civil rights female genital mutilation,0.85,IAB14 Society
civil rights femicide,0.85,IAB14 Society
civil rights femonationalism,0.85,IAB14 Society
civil rights feminism in culture,0.85,IAB14 Society
civil rights feminist movementafrican-american women's suffrage movementart movementin hip hop,0.85,IAB14 Society
civil rights feminist stripper,0.85,IAB14 Society
civil rights formal equality,0.85,IAB14 Society
civil rights gender equality,0.85,IAB14 Society
civil rights gender quota,0.85,IAB14 Society
civil rights girl power,0.85,IAB14 Society
civil rights honor killing,0.85,IAB14 Society
civil rights ideal womanhood,0.85,IAB14 Society
civil rights invisible labor,0.85,IAB14 Society
civil rights internalized sexism,0.85,IAB14 Society
civil rights internationalgirl's dayandwomen's day,0.85,IAB14 Society
civil rights language reform,0.85,IAB14 Society
civil rights feminist capitalism,0.85,IAB14 Society
civil rights gender-blind,0.85,IAB14 Society
civil rights likeability trap,0.85,IAB14 Society
civil rights male privilege,0.85,IAB14 Society
civil rights matriarchal religion,0.85,IAB14 Society
civil rights media,0.85,IAB14 Society
civil rights men in feminism,0.85,IAB14 Society
civil rights misogynytrans,0.85,IAB14 Society
civil rights oedipus complex,0.85,IAB14 Society
civil rights opposition to feminism,0.85,IAB14 Society
civil rights pro-feminism,0.85,IAB14 Society
civil rights protofeminism,0.85,IAB14 Society
civil rights purplewashing,0.85,IAB14 Society
civil rights racism,0.85,IAB14 Society
civil rights reproductive justice,0.85,IAB14 Society
civil rights sex workers' rights,0.85,IAB14 Society
civil rights sexual harassment,0.85,IAB14 Society
civil rights sexual objectification,0.85,IAB14 Society
civil rights substantive equality,0.85,IAB14 Society
civil rights toxic masculinity,0.85,IAB14 Society
civil rights transmisogyny,0.85,IAB14 Society
civil rights triple oppression,0.85,IAB14 Society
civil rights violence against women,0.85,IAB14 Society
civil rights war on women,0.85,IAB14 Society
civil rights women's empowerment,0.85,IAB14 Society
civil rights women-only space,0.85,IAB14 Society
civil rights women's health,0.85,IAB14 Society
civil rights women in the workforce,0.85,IAB14 Society
civil rights children's literature,0.85,IAB14 Society
civil rights african-american women's suffrage movement,0.85,IAB14 Society
civil rights art movement,0.85,IAB14 Society
civil rights in hip hop,0.85,IAB14 Society
civil rights matriarchy,0.85,IAB14 Society
civil rights women's studies,0.85,IAB14 Society
civil rights men's studies,0.85,IAB14 Society
civil rights kyriarchy,0.85,IAB14 Society
civil rights patriarchy,0.85,IAB14 Society
civil rights écriture féminine,0.85,IAB14 Society
civil rights economics,0.85,IAB14 Society
civil rights post-structuralist discourse analysis,0.85,IAB14 Society
civil rights method,0.85,IAB14 Society
civil rights political theory,0.85,IAB14 Society
civil rights theologythealogywomanist,0.85,IAB14 Society
civil rights sexology,0.85,IAB14 Society
civil rights sociology,0.85,IAB14 Society
civil rights rhetoric,0.85,IAB14 Society
civil rights legal theory,0.85,IAB14 Society
civil rights artart criticismliterary criticismfilm theory,0.85,IAB14 Society
civil rights biology,0.85,IAB14 Society
civil rights political ecology,0.85,IAB14 Society
civil rights architecture,0.85,IAB14 Society
civil rights anthropology,0.85,IAB14 Society
civil rights archaeology,0.85,IAB14 Society
civil rights criminologypathways perspective,0.85,IAB14 Society
civil rights geography,0.85,IAB14 Society
civil rights pedagogy,0.85,IAB14 Society
civil rights philosophyaestheticsempiricismepistemologyethicsjustice ethicsexistentialismmetaphysicsscience,0.85,IAB14 Society
civil rights pornography,0.85,IAB14 Society
civil rights psychologytherapy,0.85,IAB14 Society
civil rights seriality,0.85,IAB14 Society
civil rights international relations,0.85,IAB14 Society
civil rights existentialism,0.85,IAB14 Society
civil rights revisionist mythology,0.85,IAB14 Society
civil rights technoscience,0.85,IAB14 Society
civil rights science fiction,0.85,IAB14 Society
civil rights composition studies,0.85,IAB14 Society
civil rights thealogy,0.85,IAB14 Society
civil rights art criticism,0.85,IAB14 Society
civil rights literary criticism,0.85,IAB14 Society
civil rights film theory,0.85,IAB14 Society
civil rights pathways perspective,0.85,IAB14 Society
civil rights aesthetics,0.85,IAB14 Society
civil rights empiricism,0.85,IAB14 Society
civil rights epistemology,0.85,IAB14 Society
civil rights ethicsjustice ethics,0.85,IAB14 Society
civil rights metaphysics,0.85,IAB14 Society
civil rights science,0.85,IAB14 Society
civil rights justice ethics,0.85,IAB14 Society
civil rights therapy,0.85,IAB14 Society
civil rights africademocratic republic of the congoegyptethiopiaghanamalinigeriasenegalsouth africa,0.85,IAB14 Society
civil rights albania,0.85,IAB14 Society
civil rights bangladesh,0.85,IAB14 Society
civil rights china,0.85,IAB14 Society
civil rights denmark,0.85,IAB14 Society
civil rights finland,0.85,IAB14 Society
civil rights france,0.85,IAB14 Society
civil rights germany,0.85,IAB14 Society
civil rights greece,0.85,IAB14 Society
civil rights indonesia,0.85,IAB14 Society
civil rights iran,0.85,IAB14 Society
civil rights iraq,0.85,IAB14 Society
civil rights republic of ireland,0.85,IAB14 Society
civil rights israel,0.85,IAB14 Society
civil rights italy,0.85,IAB14 Society
civil rights latin americaargentinabrazilchilehaitihondurasmexicoparaguaytrinidad and tobago,0.85,IAB14 Society
civil rights lebanon,0.85,IAB14 Society
civil rights malaysia,0.85,IAB14 Society
civil rights nepal,0.85,IAB14 Society
civil rights netherlands,0.85,IAB14 Society
civil rights northern cyprus,0.85,IAB14 Society
civil rights norway,0.85,IAB14 Society
civil rights pakistan,0.85,IAB14 Society
civil rights philippines,0.85,IAB14 Society
civil rights poland,0.85,IAB14 Society
civil rights russia,0.85,IAB14 Society
civil rights saudi arabia,0.85,IAB14 Society
civil rights south korea,0.85,IAB14 Society
civil rights syria,0.85,IAB14 Society
civil rights taiwan,0.85,IAB14 Society
civil rights thailand,0.85,IAB14 Society
civil rights turkey,0.85,IAB14 Society
civil rights vietnam,0.85,IAB14 Society
civil rights ukraine,0.85,IAB14 Society
civil rights united kingdom,0.85,IAB14 Society
civil rights united stateshistory of women,0.85,IAB14 Society
civil rights democratic republic of the congo,0.85,IAB14 Society
civil rights egypt,0.85,IAB14 Society
civil rights ethiopia,0.85,IAB14 Society
civil rights ghana,0.85,IAB14 Society
civil rights mali,0.85,IAB14 Society
civil rights nigeria,0.85,IAB14 Society
civil rights senegal,0.85,IAB14 Society
civil rights south africa,0.85,IAB14 Society
civil rights argentina,0.85,IAB14 Society
civil rights brazil,0.85,IAB14 Society
civil rights haiti,0.85,IAB14 Society
civil rights honduras,0.85,IAB14 Society
civil rights paraguay,0.85,IAB14 Society
civil rights trinidad and tobago,0.85,IAB14 Society
civil rights history of women,0.85,IAB14 Society
civil rights conservative feminisms,0.85,IAB14 Society
civil rights literatureamericancomic books,0.85,IAB14 Society
civil rights parties,0.85,IAB14 Society
civil rights women's studies journals,0.85,IAB14 Society
civil rights scum manifesto(1967),0.85,IAB14 Society
civil rights women in peacekeeping,0.85,IAB14 Society
civil rights american,0.85,IAB14 Society
civil rights comic books,0.85,IAB14 Society
civil rights feminism portal,0.85,IAB14 Society
civil rights category,0.85,IAB14 Society
civil rights index,0.85,IAB14 Society
civil rights humans,0.85,IAB14 Society
civil rights children,0.85,IAB14 Society
civil rights intersex people,0.85,IAB14 Society
civil rights natural law,0.85,IAB14 Society
civil rights positive law,0.85,IAB14 Society
civil rights sovereignty,0.85,IAB14 Society
civil rights universal jurisdiction,0.85,IAB14 Society
civil rights claim rights and liberty rights,0.85,IAB14 Society
civil rights individual and group rights,0.85,IAB14 Society
civil rights natural rights and legal rights,0.85,IAB14 Society
civil rights negative and positive rights,0.85,IAB14 Society
civil rights corporal punishment,0.85,IAB14 Society
civil rights human rights organisations,0.85,IAB14 Society
civil rights africa,0.85,IAB14 Society
civil rights middle east,0.85,IAB14 Society
civil rights asia,0.85,IAB14 Society
civil rights europe,0.85,IAB14 Society
civil rights north america,0.85,IAB14 Society
civil rights south america,0.85,IAB14 Society
civil rights oceania,0.85,IAB14 Society
civil rights atrocity crime,0.85,IAB14 Society
civil rights crime of apartheid,0.85,IAB14 Society
civil rights crimes against humanity,0.85,IAB14 Society
"civil rights cruel, inhuman, or degrading treatment",0.85,IAB14 Society
civil rights enforced disappearances,0.85,IAB14 Society
civil rights forced migration,0.85,IAB14 Society
civil rights genocide,0.85,IAB14 Society
"civil rights human rights abusesagainst palestinians by israelat guantánamo bay detention campduring the battle of mosul (2016–2017)during the gaddafi regimeduring the libyan civil war (2011)in afghanistanin algeriain angolain argentinain armeniain australiain austriain azad kashmirin azerbaijanin bahrainin balochistanin bangladeshin belarusin boliviain botswanain brazilin burkina fasoin burundiin cambodiain canadain chilein chile under augusto pinochetin chinain cubain egyptin el salvadorin ethiopiain francein gabonin ghanain germanyin guatemalain hong kongin egyptin haitiin indiain indonesiain iranin iraqin irelandin israelin italyin jammu and kashmirin japanin kashmirin kazakhstanin kenyain kuwaitin kyrgyzstan‎in lebanonin libyain lithuaniain malawiin malaysiain manipurin mexicoin moroccoin myanmarin nepalin new zealandin nigeriain north koreain pakistanin palestinein panamain papua new guineain peruin polandin punjab, indiain romaniain the russiain saudi arabiain sierra leonein sindhin south africain south koreain sri lankain sudanin switzerlandin syriain taiwanin thailandin the democratic republic of the congoin the dominican republicin the philippinesin the soviet unionin the united arab emiratesin the united statesin turkeyin ugandain ukrainein uzbekistanin venezuelain vietnamin yemenin zimbabweof the marcos dictatorshipof the military dictatorship in brazil (1964–1985)",0.85,IAB14 Society
civil rights incitement to genocide,0.85,IAB14 Society
civil rights human rights abuses by country,0.85,IAB14 Society
civil rights murder,0.85,IAB14 Society
civil rights persecution,0.85,IAB14 Society
civil rights rape,0.85,IAB14 Society
civil rights slavery,0.85,IAB14 Society
civil rights torture,0.85,IAB14 Society
civil rights victims,0.85,IAB14 Society
civil rights war crimes,0.85,IAB14 Society
civil rights against palestinians by israel,0.85,IAB14 Society
civil rights at guantánamo bay detention camp,0.85,IAB14 Society
civil rights during the battle of mosul (2016–2017),0.85,IAB14 Society
civil rights during the gaddafi regime,0.85,IAB14 Society
civil rights during the libyan civil war (2011),0.85,IAB14 Society
civil rights in afghanistan,0.85,IAB14 Society
civil rights in algeria,0.85,IAB14 Society
civil rights in angola,0.85,IAB14 Society
civil rights in argentina,0.85,IAB14 Society
civil rights in armenia,0.85,IAB14 Society
civil rights in australia,0.85,IAB14 Society
civil rights in austria,0.85,IAB14 Society
civil rights in azad kashmir,0.85,IAB14 Society
civil rights in azerbaijan,0.85,IAB14 Society
civil rights in bahrain,0.85,IAB14 Society
civil rights in balochistan,0.85,IAB14 Society
civil rights in bangladesh,0.85,IAB14 Society
civil rights in belarus,0.85,IAB14 Society
civil rights in bolivia,0.85,IAB14 Society
civil rights in botswana,0.85,IAB14 Society
civil rights in brazil,0.85,IAB14 Society
civil rights in burkina faso,0.85,IAB14 Society
civil rights in burundi,0.85,IAB14 Society
civil rights in cambodia,0.85,IAB14 Society
civil rights in canada,0.85,IAB14 Society
civil rights in chile,0.85,IAB14 Society
civil rights in chile under augusto pinochet,0.85,IAB14 Society
civil rights in china,0.85,IAB14 Society
civil rights in cuba,0.85,IAB14 Society
civil rights in egypt,0.85,IAB14 Society
civil rights in el salvador,0.85,IAB14 Society
civil rights in ethiopia,0.85,IAB14 Society
civil rights in france,0.85,IAB14 Society
civil rights in gabon,0.85,IAB14 Society
civil rights in ghana,0.85,IAB14 Society
civil rights in germany,0.85,IAB14 Society
civil rights in guatemala,0.85,IAB14 Society
civil rights in hong kong,0.85,IAB14 Society
civil rights in haiti,0.85,IAB14 Society
civil rights in india,0.85,IAB14 Society
civil rights in indonesia,0.85,IAB14 Society
civil rights in iran,0.85,IAB14 Society
civil rights in iraq,0.85,IAB14 Society
civil rights in ireland,0.85,IAB14 Society
civil rights in israel,0.85,IAB14 Society
civil rights in italy,0.85,IAB14 Society
civil rights in jammu and kashmir,0.85,IAB14 Society
civil rights in japan,0.85,IAB14 Society
civil rights in kashmir,0.85,IAB14 Society
civil rights in kazakhstan,0.85,IAB14 Society
civil rights in kenya,0.85,IAB14 Society
civil rights in kuwait,0.85,IAB14 Society
civil rights in kyrgyzstan‎,0.85,IAB14 Society
civil rights in lebanon,0.85,IAB14 Society
civil rights in libya,0.85,IAB14 Society
civil rights in lithuania,0.85,IAB14 Society
civil rights in malawi,0.85,IAB14 Society
civil rights in malaysia,0.85,IAB14 Society
civil rights in manipur,0.85,IAB14 Society
civil rights in mexico,0.85,IAB14 Society
civil rights in morocco,0.85,IAB14 Society
civil rights in myanmar,0.85,IAB14 Society
civil rights in nepal,0.85,IAB14 Society
civil rights in new zealand,0.85,IAB14 Society
civil rights in nigeria,0.85,IAB14 Society
civil rights in north korea,0.85,IAB14 Society
civil rights in pakistan,0.85,IAB14 Society
civil rights in palestine,0.85,IAB14 Society
civil rights in panama,0.85,IAB14 Society
civil rights in papua new guinea,0.85,IAB14 Society
civil rights in peru,0.85,IAB14 Society
civil rights in poland,0.85,IAB14 Society
"civil rights in punjab, india",0.85,IAB14 Society
civil rights in romania,0.85,IAB14 Society
civil rights in the russia,0.85,IAB14 Society
civil rights in saudi arabia,0.85,IAB14 Society
civil rights in sierra leone,0.85,IAB14 Society
civil rights in sindh,0.85,IAB14 Society
civil rights in south africa,0.85,IAB14 Society
civil rights in south korea,0.85,IAB14 Society
civil rights in sri lanka,0.85,IAB14 Society
civil rights in sudan,0.85,IAB14 Society
civil rights in switzerland,0.85,IAB14 Society
civil rights in syria,0.85,IAB14 Society
civil rights in taiwan,0.85,IAB14 Society
civil rights in thailand,0.85,IAB14 Society
civil rights in the democratic republic of the congo,0.85,IAB14 Society
civil rights in the dominican republic,0.85,IAB14 Society
civil rights in the philippines,0.85,IAB14 Society
civil rights in the soviet union,0.85,IAB14 Society
civil rights in the united arab emirates,0.85,IAB14 Society
civil rights in the united states,0.85,IAB14 Society
civil rights in turkey,0.85,IAB14 Society
civil rights in uganda,0.85,IAB14 Society
civil rights in ukraine,0.85,IAB14 Society
civil rights in uzbekistan,0.85,IAB14 Society
civil rights in venezuela,0.85,IAB14 Society
civil rights in vietnam,0.85,IAB14 Society
civil rights in yemen,0.85,IAB14 Society
civil rights in zimbabwe,0.85,IAB14 Society
civil rights of the marcos dictatorship,0.85,IAB14 Society
civil rights of the military dictatorship in brazil (1964–1985),0.85,IAB14 Society
civil rights global issues,0.85,IAB14 Society
civil rights three generations,0.85,IAB14 Society
civil rights united nations prize in the field of human rights,0.85,IAB14 Society
civil rights freedom from arbitrary arrest and detention,0.85,IAB14 Society
civil rights freedom of assembly,0.85,IAB14 Society
civil rights freedom of association,0.85,IAB14 Society
civil rights freedom from discrimination,0.85,IAB14 Society
civil rights freedom of information,0.85,IAB14 Society
civil rights freedom of movement,0.85,IAB14 Society
civil rights freedom of religion,0.85,IAB14 Society
civil rights freedom from slavery,0.85,IAB14 Society
civil rights freedom of speech,0.85,IAB14 Society
civil rights freedom of thought,0.85,IAB14 Society
civil rights freedom from torture,0.85,IAB14 Society
civil rights lgbt rights,0.85,IAB14 Society
civil rights liberty,0.85,IAB14 Society
civil rights nationality,0.85,IAB14 Society
civil rights personhood,0.85,IAB14 Society
civil rights presumption of innocence,0.85,IAB14 Society
civil rights access to justice,0.85,IAB14 Society
civil rights right of asylum,0.85,IAB14 Society
civil rights right to die,0.85,IAB14 Society
civil rights right to a fair trial,0.85,IAB14 Society
civil rights right to counsel,0.85,IAB14 Society
civil rights right to family life,0.85,IAB14 Society
civil rights right to keep and bear arms,0.85,IAB14 Society
civil rights right to life,0.85,IAB14 Society
civil rights right to petition,0.85,IAB14 Society
civil rights right to privacy,0.85,IAB14 Society
civil rights right to protest,0.85,IAB14 Society
civil rights right to refuse medical treatment,0.85,IAB14 Society
civil rights right to resist,0.85,IAB14 Society
civil rights right of return,0.85,IAB14 Society
civil rights right of self-defense,0.85,IAB14 Society
civil rights right to truth,0.85,IAB14 Society
civil rights security of person,0.85,IAB14 Society
civil rights speedy trial,0.85,IAB14 Society
civil rights suffrageright to be a candidate,0.85,IAB14 Society
civil rights right to homeland,0.85,IAB14 Society
civil rights right to be a candidate,0.85,IAB14 Society
civil rights digital rights,0.85,IAB14 Society
civil rights equal pay for equal work,0.85,IAB14 Society
civil rights fair remuneration,0.85,IAB14 Society
civil rights labor rights,0.85,IAB14 Society
civil rights right to an adequate standard of living,0.85,IAB14 Society
civil rights right to clothing,0.85,IAB14 Society
civil rights right to development,0.85,IAB14 Society
civil rights right to education,0.85,IAB14 Society
civil rights right to food,0.85,IAB14 Society
civil rights right to health,0.85,IAB14 Society
civil rights right to a healthy environment,0.85,IAB14 Society
civil rights right to housing,0.85,IAB14 Society
civil rights right to internet access,0.85,IAB14 Society
civil rights right to property,0.85,IAB14 Society
civil rights right to public participation,0.85,IAB14 Society
civil rights right of reply,0.85,IAB14 Society
civil rights right to rest and leisure,0.85,IAB14 Society
civil rights right to science and culture,0.85,IAB14 Society
civil rights right to social security,0.85,IAB14 Society
civil rights right to water,0.85,IAB14 Society
civil rights right to work,0.85,IAB14 Society
civil rights abortion,0.85,IAB14 Society
civil rights family planning,0.85,IAB14 Society
civil rights family rights,0.85,IAB14 Society
civil rights freedom from involuntary female genital mutilation,0.85,IAB14 Society
civil rights intersex human rights,0.85,IAB14 Society
civil rights sexual and reproductive health,0.85,IAB14 Society
civil rights right to sexuality,0.85,IAB14 Society
civil rights brazilian resolution,0.85,IAB14 Society
civil rights declaration of the basic duties of asean peoples and governments,0.85,IAB14 Society
civil rights declaration on the granting of independence to colonial countries and peoples,0.85,IAB14 Society
civil rights universal declaration of human rights(udhr),0.85,IAB14 Society
civil rights cairo declaration on human rights in islam,0.85,IAB14 Society
civil rights declaration of montreal,0.85,IAB14 Society
civil rights declaration of the rights of the child,0.85,IAB14 Society
civil rights declaration on the elimination of discrimination against women(dedaw),0.85,IAB14 Society
civil rights declaration on the elimination of violence against women(devaw),0.85,IAB14 Society
civil rights declaration on the rights of indigenous peoples(undrip),0.85,IAB14 Society
civil rights declaration on sexual orientation and gender identity,0.85,IAB14 Society
civil rights american declaration of the rights and duties of man,0.85,IAB14 Society
civil rights paris principles,0.85,IAB14 Society
civil rights vienna declaration and programme of action(vdpa),0.85,IAB14 Society
civil rights yogyakarta principles,0.85,IAB14 Society
civil rights declaration on the rights of peasants(undrop),0.85,IAB14 Society
civil rights united nations general assembly resolution 1514 (xv) granting of independence to colonial countries and peoples,0.85,IAB14 Society
civil rights convention against torture,0.85,IAB14 Society
civil rights convention on the elimination of all forms of discrimination against women (cedaw),0.85,IAB14 Society
civil rights convention on the elimination of all forms of racial discrimination,0.85,IAB14 Society
civil rights convention on the rights of persons with disabilities,0.85,IAB14 Society
civil rights convention on the rights of the child,0.85,IAB14 Society
civil rights convention on the protection of the rights of all migrant workers and members of their families,0.85,IAB14 Society
civil rights international convention on the suppression and punishment of the crime of apartheid,0.85,IAB14 Society
civil rights international convention for the protection of all persons from enforced disappearance,0.85,IAB14 Society
"civil rights indigenous and tribal peoples convention, 1989",0.85,IAB14 Society
"civil rights international covenant on economic, social and cultural rights",0.85,IAB14 Society
civil rights african charter on human and peoples' rightsprotocol to the african charter on human and peoples’ rights on the rights of women in africa (maputo protocol),0.85,IAB14 Society
civil rights europeanconvention on human rights (echr)convention for the prevention of tortureconvention on nationalityconvention for the protection of national minoritiessocial charterconvention on preventing and combating violence against women and domestic violence (istanbul convention),0.85,IAB14 Society
civil rights american convention on human rights,0.85,IAB14 Society
"civil rights inter-american conventionto prevent and punish tortureon the elimination of all forms of discrimination against persons with disabilitieson the prevention, punishment, and eradication of violence against women (belém do pará convention)",0.85,IAB14 Society
civil rights protocol to the african charter on human and peoples’ rights on the rights of women in africa (maputo protocol),0.85,IAB14 Society
civil rights convention on human rights (echr),0.85,IAB14 Society
civil rights convention for the prevention of torture,0.85,IAB14 Society
civil rights convention on nationality,0.85,IAB14 Society
civil rights convention for the protection of national minorities,0.85,IAB14 Society
civil rights social charter,0.85,IAB14 Society
civil rights convention on preventing and combating violence against women and domestic violence (istanbul convention),0.85,IAB14 Society
civil rights to prevent and punish torture,0.85,IAB14 Society
civil rights on the elimination of all forms of discrimination against persons with disabilities,0.85,IAB14 Society
"civil rights on the prevention, punishment, and eradication of violence against women (belém do pará convention)",0.85,IAB14 Society
civil rights genocide convention,0.85,IAB14 Society
civil rights convention relating to the status of refugees,0.85,IAB14 Society
civil rights protocol relating to the status of refugees,0.85,IAB14 Society
civil rights convention on the reduction of statelessness,0.85,IAB14 Society
civil rights geneva conventions,0.85,IAB14 Society
civil rights hague conventions,0.85,IAB14 Society
civil rights rome statute of the international criminal court,0.85,IAB14 Society
civil rights journey of reconciliation,0.85,IAB14 Society
civil rights executive order 9981,0.85,IAB14 Society
civil rights murders of harry and harriette moore,0.85,IAB14 Society
civil rights sweatt v. painter(1950),0.85,IAB14 Society
civil rights mclaurin v. oklahoma state regents(1950),0.85,IAB14 Society
civil rights baton rouge bus boycott,0.85,IAB14 Society
civil rights brown v. board of educationbolling v. sharpebriggs v. elliottdavis v. prince edward countygebhart v. belton,0.85,IAB14 Society
civil rights sarah keys v. carolina coach company,0.85,IAB14 Society
civil rights emmett till,0.85,IAB14 Society
civil rights montgomery bus boycottbrowder v. gayle,0.85,IAB14 Society
civil rights tallahassee bus boycott,0.85,IAB14 Society
civil rights mansfield school desegregation,0.85,IAB14 Society
"civil rights 1957 prayer pilgrimage for freedom""give us the ballot""",0.85,IAB14 Society
civil rights royal ice cream sit-in,0.85,IAB14 Society
civil rights little rock ninecooper v. aaron,0.85,IAB14 Society
civil rights civil rights act of 1957,0.85,IAB14 Society
civil rights ministers' manifesto,0.85,IAB14 Society
civil rights katz drug store sit-in,0.85,IAB14 Society
civil rights kissing case,0.85,IAB14 Society
civil rights biloxi wade-ins,0.85,IAB14 Society
civil rights bolling v. sharpe,0.85,IAB14 Society
civil rights briggs v. elliott,0.85,IAB14 Society
civil rights davis v. prince edward county,0.85,IAB14 Society
civil rights gebhart v. belton,0.85,IAB14 Society
civil rights browder v. gayle,0.85,IAB14 Society
"civil rights ""give us the ballot""",0.85,IAB14 Society
civil rights cooper v. aaron,0.85,IAB14 Society
civil rights new year's day march,0.85,IAB14 Society
civil rights sit-in movement,0.85,IAB14 Society
civil rights greensboro sit-ins,0.85,IAB14 Society
civil rights nashville sit-ins,0.85,IAB14 Society
civil rights sibley commission,0.85,IAB14 Society
civil rights atlanta sit-ins,0.85,IAB14 Society
civil rights savannah protest movement,0.85,IAB14 Society
civil rights greenville eight,0.85,IAB14 Society
civil rights civil rights act of 1960,0.85,IAB14 Society
civil rights ax handle saturday,0.85,IAB14 Society
civil rights new orleans school desegregation,0.85,IAB14 Society
civil rights gomillion v. lightfoot,0.85,IAB14 Society
civil rights boynton v. virginia,0.85,IAB14 Society
civil rights university of georgia desegregation riot,0.85,IAB14 Society
civil rights rock hill sit-ins,0.85,IAB14 Society
civil rights robert f. kennedy's law day address,0.85,IAB14 Society
civil rights freedom ridesanniston and birmingham bus attacks,0.85,IAB14 Society
civil rights garner v. louisiana,0.85,IAB14 Society
civil rights albany movement,0.85,IAB14 Society
civil rights cambridge movement,0.85,IAB14 Society
civil rights university of chicago sit-ins,0.85,IAB14 Society
"civil rights ""second emancipation proclamation""",0.85,IAB14 Society
"civil rights meredith enrollment, ole miss riot",0.85,IAB14 Society
civil rights atlanta's berlin wall,0.85,IAB14 Society
"civil rights ""segregation now, segregation forever""stand in the schoolhouse door",0.85,IAB14 Society
civil rights 1963 birmingham campaignletter from birmingham jailchildren's crusadebirmingham riot16th street baptist church bombing,0.85,IAB14 Society
civil rights john f. kennedy's speech to the nation on civil rights,0.85,IAB14 Society
civil rights detroit walk to freedom,0.85,IAB14 Society
"civil rights march on washington""i have a dream""big six",0.85,IAB14 Society
civil rights st. augustine movement,0.85,IAB14 Society
civil rights anniston and birmingham bus attacks,0.85,IAB14 Society
civil rights stand in the schoolhouse door,0.85,IAB14 Society
civil rights letter from birmingham jail,0.85,IAB14 Society
civil rights children's crusade,0.85,IAB14 Society
civil rights birmingham riot,0.85,IAB14 Society
civil rights 16th street baptist church bombing,0.85,IAB14 Society
"civil rights ""i have a dream""",0.85,IAB14 Society
civil rights big six,0.85,IAB14 Society
civil rights twenty-fourth amendment,0.85,IAB14 Society
civil rights chester school protests,0.85,IAB14 Society
civil rights bloody tuesday,0.85,IAB14 Society
civil rights 1964 monson motor lodge protests,0.85,IAB14 Society
civil rights freedom summerworkers' murders,0.85,IAB14 Society
civil rights civil rights act of 1964,0.85,IAB14 Society
"civil rights heart of atlanta motel, inc. v. united states",0.85,IAB14 Society
civil rights katzenbach v. mcclung,0.85,IAB14 Society
civil rights 1964–1965 scripto strike,0.85,IAB14 Society
"civil rights 1965 selma to montgomery marches""how long, not long""",0.85,IAB14 Society
civil rights scope project,0.85,IAB14 Society
civil rights voting rights act of 1965,0.85,IAB14 Society
civil rights harper v. virginia board of elections,0.85,IAB14 Society
civil rights march against fear,0.85,IAB14 Society
civil rights white house conference on civil rights,0.85,IAB14 Society
civil rights chicago freedom movement/chicago open housing movement,0.85,IAB14 Society
civil rights loving v. virginia,0.85,IAB14 Society
civil rights memphis sanitation strike,0.85,IAB14 Society
civil rights king assassinationfuneralriots,0.85,IAB14 Society
civil rights civil rights act of 1968,0.85,IAB14 Society
civil rights poor people's campaign,0.85,IAB14 Society
civil rights green v. county school board of new kent county,0.85,IAB14 Society
civil rights jones v. alfred h. mayer co.,0.85,IAB14 Society
civil rights 1968 olympics black power salute,0.85,IAB14 Society
civil rights workers' murders,0.85,IAB14 Society
"civil rights ""how long, not long""",0.85,IAB14 Society
civil rights funeral,0.85,IAB14 Society
civil rights riots,0.85,IAB14 Society
civil rights alabama christian movement for human rights,0.85,IAB14 Society
civil rights american friends service committee,0.85,IAB14 Society
civil rights atlanta negro voters league,0.85,IAB14 Society
civil rights atlanta student movement,0.85,IAB14 Society
civil rights black panther party,0.85,IAB14 Society
civil rights brotherhood of sleeping car porters,0.85,IAB14 Society
civil rights congress of racial equality (core),0.85,IAB14 Society
civil rights committee for freedom now,0.85,IAB14 Society
civil rights committee on appeal for human rightsan appeal for human rights,0.85,IAB14 Society
civil rights council for united civil rights leadership,0.85,IAB14 Society
civil rights council of federated organizations,0.85,IAB14 Society
civil rights dallas county voters league,0.85,IAB14 Society
civil rights deacons for defense and justice,0.85,IAB14 Society
civil rights georgia council on human relations,0.85,IAB14 Society
civil rights highlander folk school,0.85,IAB14 Society
civil rights leadership conference on civil and human rights,0.85,IAB14 Society
civil rights lowndes county freedom organization,0.85,IAB14 Society
civil rights mississippi freedom democratic party,0.85,IAB14 Society
civil rights montgomery improvement association,0.85,IAB14 Society
civil rights naacpyouth council,0.85,IAB14 Society
civil rights nashville student movement,0.85,IAB14 Society
civil rights nation of islam,0.85,IAB14 Society
civil rights northern student movement,0.85,IAB14 Society
civil rights national council of negro women,0.85,IAB14 Society
civil rights national urban league,0.85,IAB14 Society
civil rights operation breadbasket,0.85,IAB14 Society
civil rights regional council of negro leadership,0.85,IAB14 Society
civil rights southern christian leadership conference (sclc),0.85,IAB14 Society
civil rights southern regional council,0.85,IAB14 Society
civil rights student nonviolent coordinating committee (sncc),0.85,IAB14 Society
civil rights the freedom singers,0.85,IAB14 Society
civil rights united auto workers (uaw),0.85,IAB14 Society
civil rights wednesdays in mississippi,0.85,IAB14 Society
civil rights women's political council,0.85,IAB14 Society
civil rights an appeal for human rights,0.85,IAB14 Society
civil rights youth council,0.85,IAB14 Society
civil rights juanita abernathy,0.85,IAB14 Society
civil rights ralph abernathy,0.85,IAB14 Society
civil rights victoria gray adams,0.85,IAB14 Society
civil rights zev aelony,0.85,IAB14 Society
civil rights mathew ahmann,0.85,IAB14 Society
civil rights muhammad ali,0.85,IAB14 Society
civil rights william g. anderson,0.85,IAB14 Society
civil rights gwendolyn armstrong,0.85,IAB14 Society
civil rights arnold aronson,0.85,IAB14 Society
civil rights ella baker,0.85,IAB14 Society
civil rights james baldwin,0.85,IAB14 Society
civil rights marion barry,0.85,IAB14 Society
civil rights daisy bates,0.85,IAB14 Society
civil rights harry belafonte,0.85,IAB14 Society
civil rights james bevel,0.85,IAB14 Society
civil rights claude black,0.85,IAB14 Society
civil rights gloria blackwell,0.85,IAB14 Society
civil rights randolph blackwell,0.85,IAB14 Society
civil rights unita blackwell,0.85,IAB14 Society
civil rights ezell blair jr.,0.85,IAB14 Society
civil rights joanne bland,0.85,IAB14 Society
civil rights julian bond,0.85,IAB14 Society
civil rights joseph e. boone,0.85,IAB14 Society
civil rights william holmes borders,0.85,IAB14 Society
civil rights amelia boynton,0.85,IAB14 Society
civil rights bruce boynton,0.85,IAB14 Society
civil rights raylawni branch,0.85,IAB14 Society
civil rights stanley branche,0.85,IAB14 Society
civil rights ruby bridges,0.85,IAB14 Society
civil rights aurelia browder,0.85,IAB14 Society
civil rights h. rap brown,0.85,IAB14 Society
civil rights ralph bunche,0.85,IAB14 Society
civil rights john h. calhoun,0.85,IAB14 Society
civil rights guy carawan,0.85,IAB14 Society
civil rights stokely carmichael,0.85,IAB14 Society
civil rights johnnie carr,0.85,IAB14 Society
civil rights james chaney,0.85,IAB14 Society
civil rights j. l. chestnut,0.85,IAB14 Society
civil rights shirley chisholm,0.85,IAB14 Society
civil rights colia lafayette clark,0.85,IAB14 Society
civil rights ramsey clark,0.85,IAB14 Society
civil rights septima clark,0.85,IAB14 Society
civil rights xernona clayton,0.85,IAB14 Society
civil rights eldridge cleaver,0.85,IAB14 Society
civil rights kathleen cleaver,0.85,IAB14 Society
civil rights josephine dobbs clement,0.85,IAB14 Society
civil rights charles e. cobb jr.,0.85,IAB14 Society
civil rights annie lee cooper,0.85,IAB14 Society
civil rights dorothy cotton,0.85,IAB14 Society
civil rights claudette colvin,0.85,IAB14 Society
civil rights vernon dahmer,0.85,IAB14 Society
civil rights jonathan daniels,0.85,IAB14 Society
civil rights abraham lincoln davis,0.85,IAB14 Society
civil rights angela davis,0.85,IAB14 Society
civil rights joseph delaine,0.85,IAB14 Society
civil rights dave dennis,0.85,IAB14 Society
civil rights annie bell robinson devine,0.85,IAB14 Society
civil rights john wesley dobbs,0.85,IAB14 Society
civil rights patricia stephens due,0.85,IAB14 Society
civil rights joseph ellwanger,0.85,IAB14 Society
civil rights charles evers,0.85,IAB14 Society
civil rights medgar evers,0.85,IAB14 Society
civil rights myrlie evers-williams,0.85,IAB14 Society
civil rights chuck fager,0.85,IAB14 Society
civil rights james farmer,0.85,IAB14 Society
civil rights walter fauntroy,0.85,IAB14 Society
civil rights james forman,0.85,IAB14 Society
civil rights marie foster,0.85,IAB14 Society
civil rights golden frinks,0.85,IAB14 Society
civil rights andrew goodman,0.85,IAB14 Society
civil rights robert graetz,0.85,IAB14 Society
civil rights fred gray,0.85,IAB14 Society
civil rights jack greenberg,0.85,IAB14 Society
civil rights dick gregory,0.85,IAB14 Society
civil rights lawrence guyot,0.85,IAB14 Society
civil rights prathia hall,0.85,IAB14 Society
civil rights fannie lou hamer,0.85,IAB14 Society
civil rights fred hampton,0.85,IAB14 Society
civil rights william e. harbour,0.85,IAB14 Society
civil rights vincent harding,0.85,IAB14 Society
civil rights dorothy height,0.85,IAB14 Society
civil rights audrey faye hendricks,0.85,IAB14 Society
civil rights lola hendricks,0.85,IAB14 Society
civil rights aaron henry,0.85,IAB14 Society
civil rights oliver hill,0.85,IAB14 Society
civil rights donald l. hollowell,0.85,IAB14 Society
civil rights james hood,0.85,IAB14 Society
civil rights myles horton,0.85,IAB14 Society
civil rights zilphia horton,0.85,IAB14 Society
civil rights t. r. m. howard,0.85,IAB14 Society
civil rights ruby hurley,0.85,IAB14 Society
civil rights cecil ivory,0.85,IAB14 Society
civil rights jesse jackson,0.85,IAB14 Society
civil rights jimmie lee jackson,0.85,IAB14 Society
civil rights richie jean jackson,0.85,IAB14 Society
civil rights t. j. jemison,0.85,IAB14 Society
civil rights esau jenkins,0.85,IAB14 Society
civil rights barbara rose johns,0.85,IAB14 Society
civil rights vernon johns,0.85,IAB14 Society
civil rights frank minis johnson,0.85,IAB14 Society
civil rights clarence jones,0.85,IAB14 Society
civil rights j. charles jones,0.85,IAB14 Society
civil rights matthew jones,0.85,IAB14 Society
civil rights vernon jordan,0.85,IAB14 Society
civil rights tom kahn,0.85,IAB14 Society
civil rights clyde kennard,0.85,IAB14 Society
civil rights a. d. king,0.85,IAB14 Society
civil rights c.b. king,0.85,IAB14 Society
civil rights coretta scott king,0.85,IAB14 Society
civil rights martin luther king jr.,0.85,IAB14 Society
civil rights martin luther king sr.,0.85,IAB14 Society
civil rights bernard lafayette,0.85,IAB14 Society
civil rights james lawson,0.85,IAB14 Society
civil rights bernard lee,0.85,IAB14 Society
civil rights sanford r. leigh,0.85,IAB14 Society
civil rights jim letherer,0.85,IAB14 Society
civil rights stanley levison,0.85,IAB14 Society
civil rights john lewis,0.85,IAB14 Society
civil rights viola liuzzo,0.85,IAB14 Society
civil rights z. alexander looby,0.85,IAB14 Society
civil rights joseph lowery,0.85,IAB14 Society
civil rights clara luper,0.85,IAB14 Society
civil rights danny lyon,0.85,IAB14 Society
civil rights malcolm x,0.85,IAB14 Society
civil rights mae mallory,0.85,IAB14 Society
civil rights vivian malone,0.85,IAB14 Society
civil rights bob mants,0.85,IAB14 Society
civil rights thurgood marshall,0.85,IAB14 Society
civil rights benjamin mays,0.85,IAB14 Society
civil rights franklin mccain,0.85,IAB14 Society
civil rights charles mcdew,0.85,IAB14 Society
civil rights ralph mcgill,0.85,IAB14 Society
civil rights floyd mckissick,0.85,IAB14 Society
civil rights joseph mcneil,0.85,IAB14 Society
civil rights james meredith,0.85,IAB14 Society
civil rights william ming,0.85,IAB14 Society
civil rights jack minnis,0.85,IAB14 Society
civil rights amzie moore,0.85,IAB14 Society
civil rights cecil b. moore,0.85,IAB14 Society
civil rights douglas e. moore,0.85,IAB14 Society
civil rights harriette moore,0.85,IAB14 Society
civil rights harry t. moore,0.85,IAB14 Society
civil rights queen mother moore,0.85,IAB14 Society
civil rights william lewis moore,0.85,IAB14 Society
civil rights irene morgan,0.85,IAB14 Society
civil rights bob moses,0.85,IAB14 Society
civil rights william moyer,0.85,IAB14 Society
civil rights elijah muhammad,0.85,IAB14 Society
civil rights diane nash,0.85,IAB14 Society
civil rights charles neblett,0.85,IAB14 Society
civil rights huey p. newton,0.85,IAB14 Society
civil rights edgar nixon,0.85,IAB14 Society
civil rights jack o'dell,0.85,IAB14 Society
civil rights james orange,0.85,IAB14 Society
civil rights rosa parks,0.85,IAB14 Society
civil rights james peck,0.85,IAB14 Society
civil rights charles person,0.85,IAB14 Society
civil rights homer plessy,0.85,IAB14 Society
civil rights adam clayton powell jr.,0.85,IAB14 Society
civil rights fay bellamy powell,0.85,IAB14 Society
civil rights rodney n. powell,0.85,IAB14 Society
civil rights al raby,0.85,IAB14 Society
civil rights lincoln ragsdale,0.85,IAB14 Society
civil rights a. philip randolph,0.85,IAB14 Society
civil rights george raymond,0.85,IAB14 Society
civil rights george raymond jr.,0.85,IAB14 Society
civil rights bernice johnson reagon,0.85,IAB14 Society
civil rights cordell reagon,0.85,IAB14 Society
civil rights james reeb,0.85,IAB14 Society
civil rights frederick d. reese,0.85,IAB14 Society
civil rights walter reuther,0.85,IAB14 Society
civil rights gloria richardson,0.85,IAB14 Society
civil rights david richmond,0.85,IAB14 Society
civil rights bernice robinson,0.85,IAB14 Society
civil rights jo ann robinson,0.85,IAB14 Society
civil rights angela russell,0.85,IAB14 Society
civil rights bayard rustin,0.85,IAB14 Society
civil rights bernie sanders,0.85,IAB14 Society
civil rights michael schwerner,0.85,IAB14 Society
civil rights bobby seale,0.85,IAB14 Society
civil rights pete seeger,0.85,IAB14 Society
civil rights cleveland sellers,0.85,IAB14 Society
civil rights charles sherrod,0.85,IAB14 Society
civil rights alexander d. shimkin,0.85,IAB14 Society
civil rights fred shuttlesworth,0.85,IAB14 Society
civil rights modjeska monteith simkins,0.85,IAB14 Society
civil rights glenn e. smiley,0.85,IAB14 Society
civil rights a. maceo smith,0.85,IAB14 Society
civil rights kelly miller smith,0.85,IAB14 Society
civil rights mary louise smith,0.85,IAB14 Society
civil rights maxine smith,0.85,IAB14 Society
civil rights ruby doris smith-robinson,0.85,IAB14 Society
civil rights charles kenzie steele,0.85,IAB14 Society
civil rights hank thomas,0.85,IAB14 Society
civil rights dorothy tillman,0.85,IAB14 Society
civil rights a. p. tureaud,0.85,IAB14 Society
civil rights hartman turnbow,0.85,IAB14 Society
civil rights albert turner,0.85,IAB14 Society
civil rights c. t. vivian,0.85,IAB14 Society
civil rights a. t. walden,0.85,IAB14 Society
civil rights wyatt tee walker,0.85,IAB14 Society
civil rights hollis watkins,0.85,IAB14 Society
civil rights walter francis white,0.85,IAB14 Society
civil rights roy wilkins,0.85,IAB14 Society
civil rights hosea williams,0.85,IAB14 Society
civil rights kale williams,0.85,IAB14 Society
civil rights robert f. williams,0.85,IAB14 Society
civil rights q. v. williamson,0.85,IAB14 Society
civil rights andrew young,0.85,IAB14 Society
civil rights whitney young,0.85,IAB14 Society
civil rights sammy younge jr.,0.85,IAB14 Society
civil rights bob zellner,0.85,IAB14 Society
civil rights james zwerg,0.85,IAB14 Society
"civil rights omaha, nebraska",0.85,IAB14 Society
civil rights south carolina,0.85,IAB14 Society
"civil rights ""ain't gonna let nobody turn me 'round""",0.85,IAB14 Society
"civil rights ""if you miss me at the back of the bus""",0.85,IAB14 Society
"civil rights ""kumbaya""",0.85,IAB14 Society
"civil rights ""keep your eyes on the prize""",0.85,IAB14 Society
"civil rights ""oh, freedom""",0.85,IAB14 Society
"civil rights ""this little light of mine""",0.85,IAB14 Society
"civil rights ""we shall not be moved""",0.85,IAB14 Society
"civil rights ""we shall overcome""",0.85,IAB14 Society
"civil rights ""woke up this morning (with my mind stayed on freedom)""",0.85,IAB14 Society
civil rights nonviolencepadayatra,0.85,IAB14 Society
civil rights sermon on the mount,0.85,IAB14 Society
civil rights mahatma gandhiahimsasatyagraha,0.85,IAB14 Society
civil rights the kingdom of god is within you,0.85,IAB14 Society
civil rights frederick douglass,0.85,IAB14 Society
civil rights w. e. b. du bois,0.85,IAB14 Society
civil rights mary mcleod bethune,0.85,IAB14 Society
civil rights padayatra,0.85,IAB14 Society
civil rights ahimsa,0.85,IAB14 Society
civil rights satyagraha,0.85,IAB14 Society
civil rights lyndon b. johnson,0.85,IAB14 Society
civil rights jim crow laws,0.85,IAB14 Society
civil rights lynching in the united states,0.85,IAB14 Society
civil rights plessy v. fergusonseparate but equal,0.85,IAB14 Society
civil rights buchanan v. warley,0.85,IAB14 Society
civil rights hocutt v. wilson,0.85,IAB14 Society
civil rights sweatt v. painter,0.85,IAB14 Society
civil rights hernandez v. texas,0.85,IAB14 Society
civil rights african-american women in the movement,0.85,IAB14 Society
civil rights jews in the civil rights movement,0.85,IAB14 Society
civil rights fifth circuit four,0.85,IAB14 Society
civil rights 16th street baptist church,0.85,IAB14 Society
civil rights kelly ingram park,0.85,IAB14 Society
civil rights a.g. gaston motel,0.85,IAB14 Society
civil rights bethel baptist church,0.85,IAB14 Society
civil rights brown chapel,0.85,IAB14 Society
civil rights dexter avenue baptist church,0.85,IAB14 Society
civil rights holt street baptist church,0.85,IAB14 Society
civil rights edmund pettus bridge,0.85,IAB14 Society
civil rights march on washington movement,0.85,IAB14 Society
civil rights african-american churches attacked,0.85,IAB14 Society
civil rights lynching victims in the united states,0.85,IAB14 Society
civil rights freedom schools,0.85,IAB14 Society
civil rights freedom songs,0.85,IAB14 Society
"civil rights spring mobilization committee to end the war in vietnam""beyond vietnam: a time to break silence""",0.85,IAB14 Society
civil rights voter education project,0.85,IAB14 Society
civil rights 1960s counterculture,0.85,IAB14 Society
civil rights eyes on the prize,0.85,IAB14 Society
civil rights separate but equal,0.85,IAB14 Society
"civil rights ""beyond vietnam: a time to break silence""",0.85,IAB14 Society
civil rights in popular culture,0.85,IAB14 Society
civil rights birmingham civil rights institute,0.85,IAB14 Society
civil rights birmingham civil rights national monument,0.85,IAB14 Society
civil rights civil rights memorial,0.85,IAB14 Society
civil rights civil rights movement archive,0.85,IAB14 Society
civil rights emmett till and mamie till-mobley national monument,0.85,IAB14 Society
civil rights medgar and myrlie evers home national monument,0.85,IAB14 Society
civil rights freedom rides museum,0.85,IAB14 Society
civil rights freedom riders national monument,0.85,IAB14 Society
civil rights king center for nonviolent social change,0.85,IAB14 Society
civil rights martin luther king jr. day,0.85,IAB14 Society
civil rights martin luther king jr. memorialother king memorials,0.85,IAB14 Society
civil rights mississippi civil rights museum,0.85,IAB14 Society
civil rights national civil rights museum,0.85,IAB14 Society
civil rights national voting rights museum,0.85,IAB14 Society
civil rights st. augustine foot soldiers monument,0.85,IAB14 Society
civil rights olympic black power statue,0.85,IAB14 Society
civil rights other king memorials,0.85,IAB14 Society
civil rights taylor branch,0.85,IAB14 Society
civil rights clayborne carson,0.85,IAB14 Society
civil rights john dittmer,0.85,IAB14 Society
civil rights michael eric dyson,0.85,IAB14 Society
civil rights adam fairclough,0.85,IAB14 Society
civil rights david garrow,0.85,IAB14 Society
civil rights david halberstam,0.85,IAB14 Society
civil rights steven f. lawson,0.85,IAB14 Society
civil rights doug mcadam,0.85,IAB14 Society
civil rights diane mcwhorter,0.85,IAB14 Society
civil rights charles m. payne,0.85,IAB14 Society
civil rights thomas e. ricks,0.85,IAB14 Society
civil rights timothy tyson,0.85,IAB14 Society
civil rights akinyele umoja,0.85,IAB14 Society
civil rights movement photographers,0.85,IAB14 Society
civil rights article 1,0.85,IAB14 Society
civil rights article 2,0.85,IAB14 Society
civil rights article 3,0.85,IAB14 Society
civil rights article 4,0.85,IAB14 Society
civil rights article 5,0.85,IAB14 Society
civil rights article 6,0.85,IAB14 Society
civil rights article 7,0.85,IAB14 Society
civil rights article 8,0.85,IAB14 Society
civil rights article 9,0.85,IAB14 Society
civil rights article 10,0.85,IAB14 Society
civil rights article 11,0.85,IAB14 Society
civil rights article 12,0.85,IAB14 Society
civil rights article 13,0.85,IAB14 Society
civil rights article 14,0.85,IAB14 Society
civil rights article 15,0.85,IAB14 Society
civil rights article 16,0.85,IAB14 Society
civil rights article 17,0.85,IAB14 Society
civil rights article 18,0.85,IAB14 Society
civil rights protocol 1,0.85,IAB14 Society
civil rights protocol 2,0.85,IAB14 Society
civil rights protocol 3,0.85,IAB14 Society
civil rights protocol 4,0.85,IAB14 Society
civil rights protocol 5,0.85,IAB14 Society
civil rights protocol 6,0.85,IAB14 Society
civil rights protocol 7,0.85,IAB14 Society
civil rights protocol 8,0.85,IAB14 Society
civil rights protocol 9,0.85,IAB14 Society
civil rights protocol 10,0.85,IAB14 Society
civil rights protocol 11,0.85,IAB14 Society
civil rights protocol 12,0.85,IAB14 Society
civil rights protocol 13,0.85,IAB14 Society
civil rights protocol 14,0.85,IAB14 Society
civil rights protocol 15,0.85,IAB14 Society
civil rights protocol 16,0.85,IAB14 Society
civil rights human rights group,0.85,IAB14 Society
civil rights human rights commission,0.85,IAB14 Society
civil rights human rights institutions,0.85,IAB14 Society
civil rights truth and reconciliation commission,0.85,IAB14 Society
civil rights committee on the rights of the child,0.85,IAB14 Society
civil rights committee on the rights of persons with disabilities,0.85,IAB14 Society
civil rights international criminal court,0.85,IAB14 Society
civil rights office of the united nations high commissioner for human rights,0.85,IAB14 Society
civil rights un human rights committee,0.85,IAB14 Society
civil rights un human rights council,0.85,IAB14 Society
civil rights un security council,0.85,IAB14 Society
civil rights african commission on human and peoples' rights,0.85,IAB14 Society
civil rights african court on human and peoples' rights,0.85,IAB14 Society
civil rights african court of justice,0.85,IAB14 Society
civil rights european court of human rights,0.85,IAB14 Society
civil rights european committee for the prevention of torture,0.85,IAB14 Society
civil rights inter-american commission on human rights,0.85,IAB14 Society
civil rights inter-american court of human rights,0.85,IAB14 Society
civil rights european union,0.85,IAB14 Society
civil rights council of europe,0.85,IAB14 Society
civil rights organization for security and co-operation in europe (osce),0.85,IAB14 Society
civil rights office for democratic institutions and human rights (odihr),0.85,IAB14 Society
civil rights organisation of american states (oas),0.85,IAB14 Society
civil rights un high commissioner for refugees (unhcr),0.85,IAB14 Society
civil rights un office for the coordination of humanitarian affairs (unocha),0.85,IAB14 Society
civil rights international labour organization (ilo),0.85,IAB14 Society
civil rights world health organization (who),0.85,IAB14 Society
"civil rights un educational, scientific and cultural organization (unesco)",0.85,IAB14 Society
civil rights joint un programme on hiv/aids (unaids),0.85,IAB14 Society
civil rights un department of economic and social affairs (undesa),0.85,IAB14 Society
civil rights commission on the status of women (csw),0.85,IAB14 Society
civil rights un population fund (unfpa),0.85,IAB14 Society
civil rights un children's fund (unicef),0.85,IAB14 Society
civil rights un development fund for women (unifem),0.85,IAB14 Society
civil rights un development programme (undp),0.85,IAB14 Society
civil rights food and agriculture organization of the un (fao),0.85,IAB14 Society
civil rights un human settlements programme (un-habitat),0.85,IAB14 Society
civil rights amnesty international,0.85,IAB14 Society
civil rights fidh,0.85,IAB14 Society
civil rights human rights watch,0.85,IAB14 Society
civil rights emergency ngo,0.85,IAB14 Society
civil rights human rights first,0.85,IAB14 Society
civil rights international committee of the red cross (icrc),0.85,IAB14 Society
civil rights international federation of red cross and red crescent societies (ifrc),0.85,IAB14 Society
sociology history,0.85,IAB14 Society
sociology outline,0.85,IAB14 Society
sociology index,0.85,IAB14 Society
sociology society,0.85,IAB14 Society
sociology globalization,0.85,IAB14 Society
sociology human behavior,0.85,IAB14 Society
sociology human environmental impact,0.85,IAB14 Society
sociology identity,0.85,IAB14 Society
sociology industrial revolutions3/4/5,0.85,IAB14 Society
sociology popularity,0.85,IAB14 Society
sociology social complexity,0.85,IAB14 Society
sociology social environment,0.85,IAB14 Society
sociology social equality,0.85,IAB14 Society
sociology social equity,0.85,IAB14 Society
sociology social power,0.85,IAB14 Society
sociology social stratification,0.85,IAB14 Society
sociology social structure,0.85,IAB14 Society
sociology social cycle theory,0.85,IAB14 Society
sociology conflict theory,0.85,IAB14 Society
sociology critical theory,0.85,IAB14 Society
sociology structural functionalism,0.85,IAB14 Society
sociology positivism,0.85,IAB14 Society
sociology social constructionism,0.85,IAB14 Society
sociology social darwinism,0.85,IAB14 Society
sociology symbolic interactionism,0.85,IAB14 Society
sociology aging,0.85,IAB14 Society
sociology architecture,0.85,IAB14 Society
sociology art,0.85,IAB14 Society
sociology astrosociology,0.85,IAB14 Society
sociology body,0.85,IAB14 Society
sociology criminology,0.85,IAB14 Society
sociology consciousness,0.85,IAB14 Society
sociology culture,0.85,IAB14 Society
sociology death,0.85,IAB14 Society
sociology demography,0.85,IAB14 Society
sociology deviance,0.85,IAB14 Society
sociology disaster,0.85,IAB14 Society
sociology economic,0.85,IAB14 Society
sociology education,0.85,IAB14 Society
sociology emotion(jealousy),0.85,IAB14 Society
sociology environmental,0.85,IAB14 Society
sociology family,0.85,IAB14 Society
sociology feminist,0.85,IAB14 Society
sociology fiscal,0.85,IAB14 Society
sociology food,0.85,IAB14 Society
sociology gender,0.85,IAB14 Society
sociology generations,0.85,IAB14 Society
sociology health,0.85,IAB14 Society
sociology historical,0.85,IAB14 Society
sociology immigration,0.85,IAB14 Society
sociology industrial,0.85,IAB14 Society
sociology internet,0.85,IAB14 Society
sociology jewry,0.85,IAB14 Society
sociology knowledge,0.85,IAB14 Society
sociology language,0.85,IAB14 Society
sociology law,0.85,IAB14 Society
sociology leisure,0.85,IAB14 Society
sociology literature,0.85,IAB14 Society
sociology marxist,0.85,IAB14 Society
sociology mathematic,0.85,IAB14 Society
sociology medical,0.85,IAB14 Society
sociology military,0.85,IAB14 Society
sociology music,0.85,IAB14 Society
"sociology peace, war, and social conflict",0.85,IAB14 Society
sociology philosophy,0.85,IAB14 Society
sociology political,0.85,IAB14 Society
sociology public,0.85,IAB14 Society
sociology punishment,0.85,IAB14 Society
sociology race and ethnicity,0.85,IAB14 Society
sociology religion,0.85,IAB14 Society
sociology rural,0.85,IAB14 Society
sociology science(history of science),0.85,IAB14 Society
sociology social movements,0.85,IAB14 Society
sociology social psychology,0.85,IAB14 Society
sociology sociocybernetics,0.85,IAB14 Society
sociology sociology,0.85,IAB14 Society
sociology space,0.85,IAB14 Society
sociology sport,0.85,IAB14 Society
sociology technology,0.85,IAB14 Society
sociology terrorism,0.85,IAB14 Society
sociology urban,0.85,IAB14 Society
sociology utopian,0.85,IAB14 Society
sociology victimology,0.85,IAB14 Society
sociology visual,0.85,IAB14 Society
sociology quantitative,0.85,IAB14 Society
sociology qualitative,0.85,IAB14 Society
sociology comparative,0.85,IAB14 Society
sociology computational,0.85,IAB14 Society
sociology ethnographic,0.85,IAB14 Society
sociology conversation analysis,0.85,IAB14 Society
sociology interview,0.85,IAB14 Society
sociology mathematical,0.85,IAB14 Society
sociology network analysis,0.85,IAB14 Society
sociology social experiment,0.85,IAB14 Society
sociology survey,0.85,IAB14 Society
sociology 1700s:comte·sieyès,0.85,IAB14 Society
sociology bibliography,0.85,IAB14 Society
sociology terminology,0.85,IAB14 Society
sociology journals,0.85,IAB14 Society
sociology organizations,0.85,IAB14 Society
sociology people,0.85,IAB14 Society
sociology timeline,0.85,IAB14 Society
sociology by country,0.85,IAB14 Society
sociology society portal,0.85,IAB14 Society
"sociology qualitative designsemphasize understanding of social phenomena through direct observation, communication with participants, or analysis of texts, and may stress contextual and subjective accuracy over generality.",0.85,IAB14 Society
"sociology quantitative designsapproach social phenomena through quantifiable evidence, and often rely on statistical analysis of many cases (or across intentionally designed treatments in an experiment) to establish valid and reliable general claims.",0.85,IAB14 Society
"sociology archival research(or thehistorical method): draws upon thesecondary datalocated in historical archives and records, such as biographies, memoirs, journals, and so on.",0.85,IAB14 Society
sociology bibliography of sociology,0.85,IAB14 Society
sociology critical juncture theory,0.85,IAB14 Society
sociology cultural theory,0.85,IAB14 Society
sociology engaged theory,0.85,IAB14 Society
sociology historic recurrence,0.85,IAB14 Society
sociology history of the social sciences,0.85,IAB14 Society
sociology sociologists,0.85,IAB14 Society
sociology outline of sociology,0.85,IAB14 Society
sociology political sociology,0.85,IAB14 Society
sociology post-industrial society,0.85,IAB14 Society
sociology social theory,0.85,IAB14 Society
sociology sociological francoism,0.85,IAB14 Society
"sociology aby, stephen h. 2005.sociology: a guide to reference and information sources(3rd ed.). littleton, co: libraries unlimited inc.isbn1-56308-947-5oclc57475961",0.85,IAB14 Society
"sociology babbie, earl r.2003.the practice of social research(10th ed.). wadsworth:thomson learning.isbn0-534-62029-9oclc51917727",0.85,IAB14 Society
"sociology c. wright mills, intellectual craftsmanship advices how to work for young sociologist",0.85,IAB14 Society
"sociology collins, randall. 1994.four sociological traditions.oxford:oxford university press.isbn0-19-508208-7oclc28411490",0.85,IAB14 Society
"sociology coser, lewis a.1971.masters of sociological thought: ideas in historical and social context. new york: harcourt brace jovanovich.isbn0-15-555128-0.",0.85,IAB14 Society
"sociology giddens, anthony. 2006.sociology(5th ed.). cambridge: polity press.isbn0-7456-3378-1oclc63186308",0.85,IAB14 Society
"sociology landis, judson r (1989).sociology: concepts and characteristics(7th ed.). belmont, california: wadsworth.isbn978-0-534-10158-9.",0.85,IAB14 Society
"sociology house, j. s., & mortimer, j. (1990). social structure and the individual: emerging themes and new directions.social psychology quarterly, 71–80.",0.85,IAB14 Society
"sociology lipset, seymour martinandeverett carll ladd. ""the politics of american sociologists"",american journal of sociology(1972) 78#1 pp. 67–104jstor2776571",0.85,IAB14 Society
"sociology macionis, john j (1991).sociology(3rd ed.). englewood cliffs, nj: prentice hall.isbn978-0-13-820358-0.",0.85,IAB14 Society
"sociology merton, robert k.1959.social theory and social structure. toward the codification of theory and research(revised & enlarged ed.). glencoe, il.oclc4536864",0.85,IAB14 Society
"sociology mills, c. wright. 1959.the sociological imaginationarchived27 december 2022 at thewayback machineoclc165883",0.85,IAB14 Society
"sociology nisbet, robert a.1967.the sociological tradition, london, heinemann educational books.isbn1-56000-667-6oclc26934810",0.85,IAB14 Society
"sociology ritzer, george, and douglas j. goodman. 2004.sociological theory(6th ed.).mcgraw-hill.isbn0-07-281718-6oclc52240022",0.85,IAB14 Society
"sociology scott, john, and gordon marshall, eds. 2005.a dictionary of sociology(3rd ed.). oxford university press.isbn0-19-860986-8,oclc60370982",0.85,IAB14 Society
"sociology wallace, ruth a., and alison wolf. 1995.contemporary sociological theory: continuing the classical tradition(4th ed.). prentice-hall.isbn0-13-036245-xoclc31604842",0.85,IAB14 Society
"sociology white, harrison c.2008.identity and control. how social formations emerge(2nd ed.). princeton:princeton university press.isbn978-0-691-13714-8oclc174138884",0.85,IAB14 Society
"sociology willis, evan. 1996.the sociological quest: an introduction to the study of social life.new brunswick, nj:rutgers university press.isbn0-8135-2367-2oclc34633406",0.85,IAB14 Society
sociology american sociological association (asa),0.85,IAB14 Society
sociology eastern sociological society (ess),0.85,IAB14 Society
sociology australian sociological association (tasa),0.85,IAB14 Society
sociology bangladesh sociological society (bss),0.85,IAB14 Society
sociology british sociological association (bsa),0.85,IAB14 Society
sociology canadian association of french-speaking sociologists and anthropologists,0.85,IAB14 Society
sociology canadian sociological association (csa),0.85,IAB14 Society
sociology european sociological association (esa),0.85,IAB14 Society
sociology french sociological association,0.85,IAB14 Society
sociology german sociological association (dgs),0.85,IAB14 Society
sociology guide to the university of chicago department of sociology interviews 1972at theuniversity of chicago special collections research center,0.85,IAB14 Society
sociology guide to the university of chicago department of sociology records 1924-2001at theuniversity of chicago special collections research center,0.85,IAB14 Society
sociology indian sociological society (iss),0.85,IAB14 Society
sociology international institute of sociology (iis),0.85,IAB14 Society
sociology international sociological association (isa),0.85,IAB14 Society
sociology latin american sociological association (alas),0.85,IAB14 Society
sociology observatory of international research (ooir): latest papers and trends in sociology,0.85,IAB14 Society
sociology portuguese sociological association (aps),0.85,IAB14 Society
sociology sociological association of ireland (sai),0.85,IAB14 Society
sociology the nordic sociological association (nsa),0.85,IAB14 Society
sociology the swedish sociological association(in swedish),0.85,IAB14 Society
sociology definitionsfrom wiktionary,0.85,IAB14 Society
sociology mediafrom commons,0.85,IAB14 Society
sociology newsfrom wikinews,0.85,IAB14 Society
sociology quotationsfrom wikiquote,0.85,IAB14 Society
sociology textsfrom wikisource,0.85,IAB14 Society
sociology textbooksfrom wikibooks,0.85,IAB14 Society
sociology resourcesfrom wikiversity,0.85,IAB14 Society
sociology datafrom wikidata,0.85,IAB14 Society
sociology public sociology,0.85,IAB14 Society
sociology social research,0.85,IAB14 Society
sociology sociological theory,0.85,IAB14 Society
sociology sociological practice,0.85,IAB14 Society
sociology economics,0.85,IAB14 Society
sociology emotions,0.85,IAB14 Society
sociology environment,0.85,IAB14 Society
sociology medicine,0.85,IAB14 Society
sociology science,0.85,IAB14 Society
sociology small groups,0.85,IAB14 Society
sociology stratification,0.85,IAB14 Society
sociology work,0.85,IAB14 Society
sociology sieyès,0.85,IAB14 Society
sociology comte,0.85,IAB14 Society
sociology martineau,0.85,IAB14 Society
sociology tocqueville,0.85,IAB14 Society
sociology marx,0.85,IAB14 Society
sociology spencer,0.85,IAB14 Society
sociology le bon,0.85,IAB14 Society
sociology ward,0.85,IAB14 Society
sociology pareto,0.85,IAB14 Society
sociology tönnies,0.85,IAB14 Society
sociology veblen,0.85,IAB14 Society
sociology simmel,0.85,IAB14 Society
sociology durkheim,0.85,IAB14 Society
sociology addams,0.85,IAB14 Society
sociology mead,0.85,IAB14 Society
sociology weber,0.85,IAB14 Society
sociology du bois,0.85,IAB14 Society
sociology mannheim,0.85,IAB14 Society
sociology elias,0.85,IAB14 Society
sociology fromm,0.85,IAB14 Society
sociology adorno,0.85,IAB14 Society
sociology gehlen,0.85,IAB14 Society
sociology aron,0.85,IAB14 Society
sociology merton,0.85,IAB14 Society
sociology nisbet,0.85,IAB14 Society
sociology mills,0.85,IAB14 Society
sociology bell,0.85,IAB14 Society
sociology schoeck,0.85,IAB14 Society
sociology goffman,0.85,IAB14 Society
sociology bauman,0.85,IAB14 Society
sociology foucault,0.85,IAB14 Society
sociology luhmann,0.85,IAB14 Society
sociology habermas,0.85,IAB14 Society
sociology baudrillard,0.85,IAB14 Society
sociology bourdieu,0.85,IAB14 Society
sociology giddens,0.85,IAB14 Society
sociology lists,0.85,IAB14 Society
sociology anthropologyarchaeologyculturalsocialphysical,0.85,IAB14 Society
sociology economicsmicroeconomicsmacroeconomicseconometricsmathematical,0.85,IAB14 Society
sociology geographyphysicalhumantechnicalintegrated,0.85,IAB14 Society
sociology historyculturalauxiliary scienceseconomichumanmilitarypoliticalsocial,0.85,IAB14 Society
sociology lawjurisprudencelegal historylegal systemspublic lawprivate law,0.85,IAB14 Society
sociology linguisticssemiotics,0.85,IAB14 Society
sociology political scienceinternational relationscomparativephilosophypublic policypublic administration,0.85,IAB14 Society
sociology psychologyabnormalcognitivedevelopmentalpersonalitysocial,0.85,IAB14 Society
sociology sociologycriminologydemographyinternetruralurban,0.85,IAB14 Society
sociology archaeology,0.85,IAB14 Society
sociology cultural,0.85,IAB14 Society
sociology social,0.85,IAB14 Society
sociology physical,0.85,IAB14 Society
sociology microeconomics,0.85,IAB14 Society
sociology macroeconomics,0.85,IAB14 Society
sociology econometrics,0.85,IAB14 Society
sociology human,0.85,IAB14 Society
sociology technical,0.85,IAB14 Society
sociology integrated,0.85,IAB14 Society
sociology auxiliary sciences,0.85,IAB14 Society
sociology jurisprudence,0.85,IAB14 Society
sociology legal history,0.85,IAB14 Society
sociology legal systems,0.85,IAB14 Society
sociology public law,0.85,IAB14 Society
sociology private law,0.85,IAB14 Society
sociology semiotics,0.85,IAB14 Society
sociology international relations,0.85,IAB14 Society
sociology public policy,0.85,IAB14 Society
sociology public administration,0.85,IAB14 Society
sociology abnormal,0.85,IAB14 Society
sociology cognitive,0.85,IAB14 Society
sociology developmental,0.85,IAB14 Society
sociology personality,0.85,IAB14 Society
sociology administrationbusinesspublic,0.85,IAB14 Society
sociology anthrozoology,0.85,IAB14 Society
sociology area studies,0.85,IAB14 Society
sociology business studies,0.85,IAB14 Society
sociology cognitive science,0.85,IAB14 Society
sociology communication studies,0.85,IAB14 Society
sociology community studies,0.85,IAB14 Society
sociology critical animal studies,0.85,IAB14 Society
sociology cultural studies,0.85,IAB14 Society
sociology development studies,0.85,IAB14 Society
sociology environmentalsocial sciencestudies,0.85,IAB14 Society
sociology food studies,0.85,IAB14 Society
sociology gender studies,0.85,IAB14 Society
sociology global studies,0.85,IAB14 Society
sociology historical sociology,0.85,IAB14 Society
sociology history of technology,0.85,IAB14 Society
sociology human ecology,0.85,IAB14 Society
sociology information science,0.85,IAB14 Society
sociology international studies,0.85,IAB14 Society
sociology linguistics,0.85,IAB14 Society
sociology management,0.85,IAB14 Society
sociology media studies,0.85,IAB14 Society
sociology philosophiesscienceeconomicshistorypsychologysocial science,0.85,IAB14 Society
sociology planningland useregionalurban,0.85,IAB14 Society
sociology political ecology,0.85,IAB14 Society
sociology political economy,0.85,IAB14 Society
sociology public health,0.85,IAB14 Society
sociology regional science,0.85,IAB14 Society
sociology science and technology studies,0.85,IAB14 Society
sociology science studieshistoricalquantum social science,0.85,IAB14 Society
sociology social work,0.85,IAB14 Society
sociology vegan studies,0.85,IAB14 Society
sociology business,0.85,IAB14 Society
sociology social science,0.85,IAB14 Society
sociology studies,0.85,IAB14 Society
sociology psychology,0.85,IAB14 Society
sociology land use,0.85,IAB14 Society
sociology regional,0.85,IAB14 Society
sociology quantum social science,0.85,IAB14 Society
sociology social science journals,0.85,IAB14 Society
sociology behavioral sciences,0.85,IAB14 Society
sociology geisteswissenschaft,0.85,IAB14 Society
sociology human science,0.85,IAB14 Society
sociology humanities,0.85,IAB14 Society
sociology category,0.85,IAB14 Society
sociology commons,0.85,IAB14 Society
sociology wikiversity,0.85,IAB14 Society
sociology agency,0.85,IAB14 Society
