text,iab_label,confidence
How do I start budgeting?,IAB13 Personal Finance,0.85
What is a good savings rate?,IAB13 Personal Finance,0.85
How much should I save each month?,IAB13 Personal Finance,0.85
Budgeting tips for beginners,IAB13 Personal Finance,0.85
Best apps to track expenses,IAB13 Personal Finance,0.85
Tips for living on a tight budget,IAB13 Personal Finance,0.85
What’s the 50/30/20 rule?,IAB13 Personal Finance,0.85
How to save for an emergency fund,IAB13 Personal Finance,0.85
How to build credit from scratch,IAB13 Personal Finance,0.85
What is a good credit score?,IAB13 Personal Finance,0.85
How to increase credit score fast,IAB13 Personal Finance,0.85
Does closing a credit card hurt my score?,IAB13 Personal Finance,0.85
Difference between credit and debit cards,IAB13 Personal Finance,0.85
Are balance transfer cards worth it?,IAB13 Personal Finance,0.85
How to consolidate credit card debt,IAB13 Personal Finance,0.85
How does student loan interest work?,IAB13 Personal Finance,0.85
Student loan forgiveness programs,IAB13 Personal Finance,0.85
Paying off loans vs saving,IAB13 Personal Finance,0.85
What is compound interest?,IAB13 Personal Finance,0.85
How do Roth IRAs work?,IAB13 Personal Finance,0.85
Roth IRA vs traditional IRA,IAB13 Personal Finance,0.85
Can I contribute to both 401k and IRA?,IAB13 Personal Finance,0.85
What is the 401k match?,IAB13 Personal Finance,0.85
Best retirement plans for self-employed,IAB13 Personal Finance,0.85
What age should I start investing?,IAB13 Personal Finance,0.85
Is investing in index funds safe?,IAB13 Personal Finance,0.85
How to invest in ETFs,IAB13 Personal Finance,0.85
Stock market basics for beginners,IAB13 Personal Finance,0.85
How to diversify my portfolio,IAB13 Personal Finance,0.85
What is dollar-cost averaging?,IAB13 Personal Finance,0.85
How much to save for retirement?,IAB13 Personal Finance,0.85
Tips for early retirement planning,IAB13 Personal Finance,0.85
What is a financial advisor?,IAB13 Personal Finance,0.85
Do I need a financial planner?,IAB13 Personal Finance,0.85
What’s the FIRE movement?,IAB13 Personal Finance,0.85
Personal finance tips for couples,IAB13 Personal Finance,0.85
How to talk about money with a partner,IAB13 Personal Finance,0.85
Saving money on groceries,IAB13 Personal Finance,0.85
Tips to cut monthly bills,IAB13 Personal Finance,0.85
How to refinance a mortgage,IAB13 Personal Finance,0.85
Fixed vs variable mortgage rates,IAB13 Personal Finance,0.85
What is PMI in mortgages?,IAB13 Personal Finance,0.85
How much home can I afford?,IAB13 Personal Finance,0.85
Should I rent or buy a house?,IAB13 Personal Finance,0.85
Renting vs owning calculator,IAB13 Personal Finance,0.85
How much should I put down on a house?,IAB13 Personal Finance,0.85
Are home warranties worth it?,IAB13 Personal Finance,0.85
First-time homebuyer checklist,IAB13 Personal Finance,0.85
Best banks for checking accounts,IAB13 Personal Finance,0.85
What are high-yield savings accounts?,IAB13 Personal Finance,0.85
CD vs savings account,IAB13 Personal Finance,0.85
What is an HSA account?,IAB13 Personal Finance,0.85
How to manage irregular income,IAB13 Personal Finance,0.85
Best ways to track spending,IAB13 Personal Finance,0.85
What are sinking funds?,IAB13 Personal Finance,0.85
Budgeting for irregular expenses,IAB13 Personal Finance,0.85
Planning for big purchases,IAB13 Personal Finance,0.85
Tips for living debt-free,IAB13 Personal Finance,0.85
Is it better to lease or buy a car?,IAB13 Personal Finance,0.85
Car insurance tips for new drivers,IAB13 Personal Finance,0.85
What’s a deductible in insurance?,IAB13 Personal Finance,0.85
Should I get renter’s insurance?,IAB13 Personal Finance,0.85
How to compare car insurance quotes,IAB13 Personal Finance,0.85
When to shop for new insurance,IAB13 Personal Finance,0.85
How does life insurance work?,IAB13 Personal Finance,0.85
Term vs whole life insurance,IAB13 Personal Finance,0.85
Do I need disability insurance?,IAB13 Personal Finance,0.85
Best apps for splitting bills,IAB13 Personal Finance,0.85
How to handle joint finances,IAB13 Personal Finance,0.85
Opening a joint bank account,IAB13 Personal Finance,0.85
Should couples combine finances?,IAB13 Personal Finance,0.85
Prenups and personal finance,IAB13 Personal Finance,0.85
What’s a money market account?,IAB13 Personal Finance,0.85
Banking fees to watch for,IAB13 Personal Finance,0.85
Are credit unions better than banks?,IAB13 Personal Finance,0.85
Choosing a financial institution,IAB13 Personal Finance,0.85
Using cashback credit cards wisely,IAB13 Personal Finance,0.85
When to cancel unused subscriptions,IAB13 Personal Finance,0.85
Managing subscriptions effectively,IAB13 Personal Finance,0.85
Using cashback apps like Rakuten,IAB13 Personal Finance,0.85
"Where to invest \$1,000",IAB13 Personal Finance,0.85
Is crypto a good investment?,IAB13 Personal Finance,0.85
Investing vs gambling differences,IAB13 Personal Finance,0.85
Understanding investment risk tolerance,IAB13 Personal Finance,0.85
How to handle unexpected expenses,IAB13 Personal Finance,0.85
Saving for a vacation,IAB13 Personal Finance,0.85
How much to tip in different situations,IAB13 Personal Finance,0.85
Planning for wedding costs,IAB13 Personal Finance,0.85
Saving for your child’s education,IAB13 Personal Finance,0.85
What is a 529 plan?,IAB13 Personal Finance,0.85
FAFSA tips for parents,IAB13 Personal Finance,0.85
Budgeting as a college student,IAB13 Personal Finance,0.85
Financial literacy for teens,IAB13 Personal Finance,0.85
Teaching kids about money,IAB13 Personal Finance,0.85
What’s the best budgeting method?,IAB13 Personal Finance,0.85
Paper vs digital budgeting,IAB13 Personal Finance,0.85
Creating a zero-based budget,IAB13 Personal Finance,0.85
Emergency fund vs savings account,IAB13 Personal Finance,0.85
What is financial independence?,IAB13 Personal Finance,0.85
Where to get free credit reports,IAB13 Personal Finance,0.85
What are tax brackets?,IAB13 Personal Finance,0.85
How to file taxes online,IAB13 Personal Finance,0.85
Tax deductions vs credits,IAB13 Personal Finance,0.85
How to claim dependents on taxes,IAB13 Personal Finance,0.85
Should I hire a tax preparer?,IAB13 Personal Finance,0.85
What is capital gains tax?,IAB13 Personal Finance,0.85
How to avoid tax penalties,IAB13 Personal Finance,0.85
Understanding W-2 vs 1099,IAB13 Personal Finance,0.85
What is tax-loss harvesting?,IAB13 Personal Finance,0.85
Best tax software for 2025,IAB13 Personal Finance,0.85
How to track net worth,IAB13 Personal Finance,0.85
Setting SMART financial goals,IAB13 Personal Finance,0.85
Personal finance for freelancers,IAB13 Personal Finance,0.85
Budgeting with variable income,IAB13 Personal Finance,0.85
What is lifestyle inflation?,IAB13 Personal Finance,0.85
Downsizing to save money,IAB13 Personal Finance,0.85
How to stop impulse spending,IAB13 Personal Finance,0.85
Building a frugal lifestyle,IAB13 Personal Finance,0.85
What is a debt avalanche?,IAB13 Personal Finance,0.85
Paying off high-interest debt,IAB13 Personal Finance,0.85
How to negotiate medical bills,IAB13 Personal Finance,0.85
Managing medical debt,IAB13 Personal Finance,0.85
What is credit utilization?,IAB13 Personal Finance,0.85
How to freeze your credit,IAB13 Personal Finance,0.85
Identity theft prevention tips,IAB13 Personal Finance,0.85
Credit report vs credit score,IAB13 Personal Finance,0.85
Disputing errors on credit report,IAB13 Personal Finance,0.85
What is a FICO score?,IAB13 Personal Finance,0.85
Experian vs TransUnion vs Equifax,IAB13 Personal Finance,0.85
How long do inquiries stay on credit?,IAB13 Personal Finance,0.85
Student loan deferment explained,IAB13 Personal Finance,0.85
Forbearance vs deferment,IAB13 Personal Finance,0.85
Understanding subsidized vs unsubsidized loans,IAB13 Personal Finance,0.85
Pros and cons of income-driven repayment,IAB13 Personal Finance,0.85
How to refinance student loans,IAB13 Personal Finance,0.85
Consolidating federal loans,IAB13 Personal Finance,0.85
Should I pay off student loans early?,IAB13 Personal Finance,0.85
What happens if I default?,IAB13 Personal Finance,0.85
Emergency fund rules,IAB13 Personal Finance,0.85
How many months of expenses to save?,IAB13 Personal Finance,0.85
Where to keep your emergency fund,IAB13 Personal Finance,0.85
Cash vs savings account for emergency,IAB13 Personal Finance,0.85
Do I need a financial coach?,IAB13 Personal Finance,0.85
How to create a financial plan,IAB13 Personal Finance,0.85
Financial checklist for newlyweds,IAB13 Personal Finance,0.85
Financial prep for having a baby,IAB13 Personal Finance,0.85
Saving for adoption,IAB13 Personal Finance,0.85
Budgeting during maternity leave,IAB13 Personal Finance,0.85
Insurance for new parents,IAB13 Personal Finance,0.85
Life insurance for stay-at-home parents,IAB13 Personal Finance,0.85
Will vs trust differences,IAB13 Personal Finance,0.85
Do I need a will?,IAB13 Personal Finance,0.85
How to create a simple will,IAB13 Personal Finance,0.85
Estate planning for beginners,IAB13 Personal Finance,0.85
What is a power of attorney?,IAB13 Personal Finance,0.85
Planning for end-of-life expenses,IAB13 Personal Finance,0.85
Funeral cost planning,IAB13 Personal Finance,0.85
Saving for pet expenses,IAB13 Personal Finance,0.85
Pet insurance pros and cons,IAB13 Personal Finance,0.85
Monthly pet care budget,IAB13 Personal Finance,0.85
How to afford a new car,IAB13 Personal Finance,0.85
What is an auto loan?,IAB13 Personal Finance,0.85
Tips for buying a used car,IAB13 Personal Finance,0.85
Leasing vs financing pros and cons,IAB13 Personal Finance,0.85
Understanding car depreciation,IAB13 Personal Finance,0.85
Car ownership costs over time,IAB13 Personal Finance,0.85
What’s a GAP insurance policy?,IAB13 Personal Finance,0.85
Budgeting for car maintenance,IAB13 Personal Finance,0.85
What is an escrow account?,IAB13 Personal Finance,0.85
Pre-approval vs pre-qualification,IAB13 Personal Finance,0.85
Should I refinance my car loan?,IAB13 Personal Finance,0.85
Saving for home renovations,IAB13 Personal Finance,0.85
Budgeting for home repairs,IAB13 Personal Finance,0.85
Setting up sinking funds for projects,IAB13 Personal Finance,0.85
What is a HELOC?,IAB13 Personal Finance,0.85
Should I use a home equity loan?,IAB13 Personal Finance,0.85
How to stop living paycheck to paycheck,IAB13 Personal Finance,0.85
Financial red flags in relationships,IAB13 Personal Finance,0.85
Tips for managing money anxiety,IAB13 Personal Finance,0.85
What is financial minimalism?,IAB13 Personal Finance,0.85
Using cash envelopes,IAB13 Personal Finance,0.85
Budgeting without an income,IAB13 Personal Finance,0.85
Financial advice for recent grads,IAB13 Personal Finance,0.85
Transitioning from college to real life,IAB13 Personal Finance,0.85
First job salary negotiation tips,IAB13 Personal Finance,0.85
Understanding paycheck deductions,IAB13 Personal Finance,0.85
What are pre-tax benefits?,IAB13 Personal Finance,0.85
Open enrollment checklist,IAB13 Personal Finance,0.85
HMO vs PPO insurance plans,IAB13 Personal Finance,0.85
Saving for medical expenses,IAB13 Personal Finance,0.85
How to use an HSA,IAB13 Personal Finance,0.85
HSA vs FSA comparison,IAB13 Personal Finance,0.85
What’s a high-deductible health plan?,IAB13 Personal Finance,0.85
Insurance premiums explained,IAB13 Personal Finance,0.85
Managing money after a layoff,IAB13 Personal Finance,0.85
Emergency unemployment tips,IAB13 Personal Finance,0.85
Side hustles for extra income,IAB13 Personal Finance,0.85
Should I become a freelancer?,IAB13 Personal Finance,0.85
Building multiple income streams,IAB13 Personal Finance,0.85
"How to stay motivated with money goalsHere’s the **third batch of 100 phrases** for **IAB13 Personal Finance**, bringing your total to 300.",IAB13 Personal Finance,0.85
Financial mistakes to avoid in your 20s,IAB13 Personal Finance,0.85
Saving vs investing differences,IAB13 Personal Finance,0.85
What is a budget surplus?,IAB13 Personal Finance,0.85
Tips for sticking to a budget,IAB13 Personal Finance,0.85
Tracking your daily spending,IAB13 Personal Finance,0.85
Monthly finance check-in tips,IAB13 Personal Finance,0.85
What is financial wellness?,IAB13 Personal Finance,0.85
Creating a financial vision board,IAB13 Personal Finance,0.85
Apps to track your net worth,IAB13 Personal Finance,0.85
How to start investing with \$100,IAB13 Personal Finance,0.85
Tips for investing in mutual funds,IAB13 Personal Finance,0.85
What is an expense ratio?,IAB13 Personal Finance,0.85
How do ETFs differ from mutual funds?,IAB13 Personal Finance,0.85
Rebalancing your portfolio explained,IAB13 Personal Finance,0.85
Setting up automatic savings,IAB13 Personal Finance,0.85
What is a brokerage account?,IAB13 Personal Finance,0.85
Robinhood vs Fidelity comparison,IAB13 Personal Finance,0.85
How to read a stock chart,IAB13 Personal Finance,0.85
Investing for retirement vs short-term goals,IAB13 Personal Finance,0.85
How to avoid investment scams,IAB13 Personal Finance,0.85
What is an annuity?,IAB13 Personal Finance,0.85
Should I invest in gold?,IAB13 Personal Finance,0.85
Basics of real estate investing,IAB13 Personal Finance,0.85
Should I buy rental property?,IAB13 Personal Finance,0.85
Tax implications of side income,IAB13 Personal Finance,0.85
How to set freelance rates,IAB13 Personal Finance,0.85
What is self-employment tax?,IAB13 Personal Finance,0.85
Paying quarterly estimated taxes,IAB13 Personal Finance,0.85
Tips for managing business finances,IAB13 Personal Finance,0.85
Sole proprietorship vs LLC taxes,IAB13 Personal Finance,0.85
Understanding cash flow vs profit,IAB13 Personal Finance,0.85
Budgeting for seasonal income,IAB13 Personal Finance,0.85
Using a profit-first method,IAB13 Personal Finance,0.85
Saving for taxes as a freelancer,IAB13 Personal Finance,0.85
Common budgeting categories,IAB13 Personal Finance,0.85
Monthly budget spreadsheet examples,IAB13 Personal Finance,0.85
Digital vs cash budgeting methods,IAB13 Personal Finance,0.85
Setting up a zero-sum budget,IAB13 Personal Finance,0.85
Using budgeting apps like YNAB,IAB13 Personal Finance,0.85
Saving money on utilities,IAB13 Personal Finance,0.85
How to do a no-spend challenge,IAB13 Personal Finance,0.85
Grocery shopping on a budget,IAB13 Personal Finance,0.85
Saving money with meal planning,IAB13 Personal Finance,0.85
How to negotiate medical costs,IAB13 Personal Finance,0.85
Handling unexpected hospital bills,IAB13 Personal Finance,0.85
How HSAs reduce taxable income,IAB13 Personal Finance,0.85
When to use your emergency fund,IAB13 Personal Finance,0.85
What is financial scarcity mindset?,IAB13 Personal Finance,0.85
Overcoming financial setbacks,IAB13 Personal Finance,0.85
Managing finances after divorce,IAB13 Personal Finance,0.85
Prenuptial agreements explained,IAB13 Personal Finance,0.85
Creating a financial recovery plan,IAB13 Personal Finance,0.85
How to build wealth slowly,IAB13 Personal Finance,0.85
Creating passive income streams,IAB13 Personal Finance,0.85
Ways to increase your income,IAB13 Personal Finance,0.85
Best cash-back credit cards,IAB13 Personal Finance,0.85
How to choose a travel rewards card,IAB13 Personal Finance,0.85
Understanding APR on credit cards,IAB13 Personal Finance,0.85
When to refinance a credit card balance,IAB13 Personal Finance,0.85
How to set savings goals,IAB13 Personal Finance,0.85
What is a money goal tracker?,IAB13 Personal Finance,0.85
Budgeting for a baby,IAB13 Personal Finance,0.85
Childcare cost planning,IAB13 Personal Finance,0.85
Saving for private school tuition,IAB13 Personal Finance,0.85
Teaching children about saving,IAB13 Personal Finance,0.85
Setting up a chore reward system,IAB13 Personal Finance,0.85
Tips for teen bank accounts,IAB13 Personal Finance,0.85
Kids debit card comparisons,IAB13 Personal Finance,0.85
Managing money at college,IAB13 Personal Finance,0.85
Choosing the right student loan,IAB13 Personal Finance,0.85
Understanding loan repayment options,IAB13 Personal Finance,0.85
Scholarships vs grants explained,IAB13 Personal Finance,0.85
Credit cards for college students,IAB13 Personal Finance,0.85
How to avoid student loan default,IAB13 Personal Finance,0.85
Using work-study income wisely,IAB13 Personal Finance,0.85
FAFSA deadlines and tips,IAB13 Personal Finance,0.85
Saving for a gap year,IAB13 Personal Finance,0.85
Managing finances after graduation,IAB13 Personal Finance,0.85
Creating a financial starter kit,IAB13 Personal Finance,0.85
When to hire a financial advisor,IAB13 Personal Finance,0.85
Red flags in financial advice,IAB13 Personal Finance,0.85
DIY financial planning resources,IAB13 Personal Finance,0.85
Emergency binder for finances,IAB13 Personal Finance,0.85
Monthly finance habit checklist,IAB13 Personal Finance,0.85
Keeping a financial journal,IAB13 Personal Finance,0.85
What’s a credit builder loan?,IAB13 Personal Finance,0.85
Best practices for debt repayment,IAB13 Personal Finance,0.85
Is debt consolidation a good idea?,IAB13 Personal Finance,0.85
What is bankruptcy?,IAB13 Personal Finance,0.85
How to recover from bankruptcy,IAB13 Personal Finance,0.85
Tips for managing credit wisely,IAB13 Personal Finance,0.85
What is a secured credit card?,IAB13 Personal Finance,0.85
Best ways to avoid overdraft fees,IAB13 Personal Finance,0.85
What are bank account minimums?,IAB13 Personal Finance,0.85
How to switch banks,IAB13 Personal Finance,0.85
Online banks vs traditional banks,IAB13 Personal Finance,0.85
Budgeting for big life events,IAB13 Personal Finance,0.85
How to afford a destination wedding,IAB13 Personal Finance,0.85
Budget travel hacks,IAB13 Personal Finance,0.85
Saving for home furniture,IAB13 Personal Finance,0.85
Using windfalls wisely,IAB13 Personal Finance,0.85
What to do with a bonus check,IAB13 Personal Finance,0.85
Strategies for financial independence,IAB13 Personal Finance,0.85
How to retire early with kids,IAB13 Personal Finance,0.85
Building a retirement withdrawal strategy,IAB13 Personal Finance,0.85
What’s the 4% rule?,IAB13 Personal Finance,0.85
RMD rules for retirement accounts,IAB13 Personal Finance,0.85
What is tax-deferred growth?,IAB13 Personal Finance,0.85
Maximizing your employer benefits,IAB13 Personal Finance,0.85
Using a health stipend effectively,IAB13 Personal Finance,0.85
Budgeting for annual expenses,IAB13 Personal Finance,0.85
How to plan for inflation,IAB13 Personal Finance,0.85
Adjusting your budget for inflation,IAB13 Personal Finance,0.85
Are annuities a good investment?,IAB13 Personal Finance,0.85
Saving money during inflation,IAB13 Personal Finance,0.85
Smart money moves in a recession,IAB13 Personal Finance,0.85
How to recession-proof your finances,IAB13 Personal Finance,0.85
Saving vs investing during a downturn,IAB13 Personal Finance,0.85
Investing during economic uncertainty,IAB13 Personal Finance,0.85
How to handle market volatility,IAB13 Personal Finance,0.85
Diversifying your income streams,IAB13 Personal Finance,0.85
Starting a side hustle for extra cash,IAB13 Personal Finance,0.85
Selling things online for money,IAB13 Personal Finance,0.85
Creating a digital product for income,IAB13 Personal Finance,0.85
Passive income through blogging,IAB13 Personal Finance,0.85
Renting out a room for cash,IAB13 Personal Finance,0.85
Earning with affiliate marketing,IAB13 Personal Finance,0.85
Teaching online for extra money,IAB13 Personal Finance,0.85
Income ideas for stay-at-home parents,IAB13 Personal Finance,0.85
Setting up an Etsy shop,IAB13 Personal Finance,0.85
Budgeting for freelance taxes,IAB13 Personal Finance,0.85
Tax deductions for remote workers,IAB13 Personal Finance,0.85
Filing taxes as a digital nomad,IAB13 Personal Finance,0.85
Budgeting for travel as a freelancer,IAB13 Personal Finance,0.85
Saving money on business tools,IAB13 Personal Finance,0.85
Tracking freelance income and expenses,IAB13 Personal Finance,0.85
Choosing accounting software,IAB13 Personal Finance,0.85
Using QuickBooks for small business,IAB13 Personal Finance,0.85
Understanding freelance health insurance,IAB13 Personal Finance,0.85
What is a SEP IRA?,IAB13 Personal Finance,0.85
Best retirement plans for small business,IAB13 Personal Finance,0.85
Tracking business mileage for tax write-offs,IAB13 Personal Finance,0.85
Writing off home office expenses,IAB13 Personal Finance,0.85
Avoiding financial burnout,IAB13 Personal Finance,0.85
Financial planning for creatives,IAB13 Personal Finance,0.85
How to monetize your hobby,IAB13 Personal Finance,0.85
Selling art for profit,IAB13 Personal Finance,0.85
Setting financial goals for your business,IAB13 Personal Finance,0.85
Understanding quarterly tax deadlines,IAB13 Personal Finance,0.85
Retirement planning for gig workers,IAB13 Personal Finance,0.85
Health insurance for independent contractors,IAB13 Personal Finance,0.85
How to open a solo 401k,IAB13 Personal Finance,0.85
Strategies for paying off credit card debt,IAB13 Personal Finance,0.85
Using a debt snowball calculator,IAB13 Personal Finance,0.85
Creating a debt payoff plan,IAB13 Personal Finance,0.85
Best financial podcasts to learn from,IAB13 Personal Finance,0.85
Financial literacy YouTube channels,IAB13 Personal Finance,0.85
How to build generational wealth,IAB13 Personal Finance,0.85
Avoiding lifestyle creep,IAB13 Personal Finance,0.85
How to live below your means,IAB13 Personal Finance,0.85
Paying off mortgage early vs investing,IAB13 Personal Finance,0.85
How to negotiate a raise,IAB13 Personal Finance,0.85
Salary negotiation tips for women,IAB13 Personal Finance,0.85
How to compare job offers financially,IAB13 Personal Finance,0.85
Benefits to look for in a job,IAB13 Personal Finance,0.85
What is a total compensation package?,IAB13 Personal Finance,0.85
Understanding your pay stub,IAB13 Personal Finance,0.85
How to automate your finances,IAB13 Personal Finance,0.85
Using auto-pay responsibly,IAB13 Personal Finance,0.85
What to do if you overdraft,IAB13 Personal Finance,0.85
Setting up savings buckets,IAB13 Personal Finance,0.85
Using multiple savings accounts,IAB13 Personal Finance,0.85
Budgeting in your 30s,IAB13 Personal Finance,0.85
Budgeting in your 40s,IAB13 Personal Finance,0.85
Budgeting in your 50s,IAB13 Personal Finance,0.85
Financial checklist for retirement,IAB13 Personal Finance,0.85
Budgeting for healthcare in retirement,IAB13 Personal Finance,0.85
How to avoid probate,IAB13 Personal Finance,0.85
Gifting money to children tax-free,IAB13 Personal Finance,0.85
Trusts for estate planning,IAB13 Personal Finance,0.85
Financial tips for caregivers,IAB13 Personal Finance,0.85
Planning for elder care expenses,IAB13 Personal Finance,0.85
Managing finances for aging parents,IAB13 Personal Finance,0.85
Using power of attorney effectively,IAB13 Personal Finance,0.85
Healthcare power of attorney explained,IAB13 Personal Finance,0.85
Setting up a financial safety net,IAB13 Personal Finance,0.85
How to avoid financial scams,IAB13 Personal Finance,0.85
Recognizing phishing and identity theft,IAB13 Personal Finance,0.85
Online security for banking,IAB13 Personal Finance,0.85
Should you freeze your credit?,IAB13 Personal Finance,0.85
Child identity theft prevention,IAB13 Personal Finance,0.85
Checking your credit annually,IAB13 Personal Finance,0.85
Budgeting with a partner,IAB13 Personal Finance,0.85
Joint vs separate accounts,IAB13 Personal Finance,0.85
Building financial trust in relationships,IAB13 Personal Finance,0.85
Navigating money fights in marriage,IAB13 Personal Finance,0.85
Financial boundaries with family,IAB13 Personal Finance,0.85
Lending money to relatives,IAB13 Personal Finance,0.85
Saying no to financial pressure,IAB13 Personal Finance,0.85
Saving money on gifts,IAB13 Personal Finance,0.85
How to budget for birthdays,IAB13 Personal Finance,0.85
Setting gift spending limits,IAB13 Personal Finance,0.85
Managing money at the holidays,IAB13 Personal Finance,0.85
Budget-friendly holiday travel tips,IAB13 Personal Finance,0.85
Saving money on decorations,IAB13 Personal Finance,0.85
Hosting a party on a budget,IAB13 Personal Finance,0.85
Budgeting for back-to-school season,IAB13 Personal Finance,0.85
Planning for seasonal expenses,IAB13 Personal Finance,0.85
Creating a sinking fund for Christmas,IAB13 Personal Finance,0.85
Best credit cards for travel points,IAB13 Personal Finance,0.85
How to redeem credit card rewards,IAB13 Personal Finance,0.85
Avoiding credit card traps,IAB13 Personal Finance,0.85
Using rewards for everyday purchases,IAB13 Personal Finance,0.85
Paying credit card balance in full,IAB13 Personal Finance,0.85
Understanding credit card terms,IAB13 Personal Finance,0.85
APR vs interest rate,IAB13 Personal Finance,0.85
How to choose a loan provider,IAB13 Personal Finance,0.85
Differences between loan types,IAB13 Personal Finance,0.85
Pros and cons of payday loans,IAB13 Personal Finance,0.85
Avoiding loan default,IAB13 Personal Finance,0.85
Loan calculators for home buying,IAB13 Personal Finance,0.85
Student loan exit counseling,IAB13 Personal Finance,0.85
What is loan deferment?,IAB13 Personal Finance,0.85
Loan forgiveness vs discharge,IAB13 Personal Finance,0.85
Budgeting for professional development,IAB13 Personal Finance,0.85
Saving for a certification course,IAB13 Personal Finance,0.85
Career change financial planning,IAB13 Personal Finance,0.85
Financing continuing education,IAB13 Personal Finance,0.85
How to find scholarship opportunities,IAB13 Personal Finance,0.85
Free financial education resources,IAB13 Personal Finance,0.85
What is a budget template?,IAB13 Personal Finance,0.85
Budgeting with Google Sheets,IAB13 Personal Finance,0.85
Setting up monthly budget goals,IAB13 Personal Finance,0.85
Weekly vs monthly budgeting,IAB13 Personal Finance,0.85
How to track subscriptions,IAB13 Personal Finance,0.85
Managing recurring payments,IAB13 Personal Finance,0.85
Budgeting with cash envelopes,IAB13 Personal Finance,0.85
Digital cash envelope alternatives,IAB13 Personal Finance,0.85
Using prepaid debit cards for budgeting,IAB13 Personal Finance,0.85
Setting weekly spending limits,IAB13 Personal Finance,0.85
How to track variable expenses,IAB13 Personal Finance,0.85
Reviewing your bank statements,IAB13 Personal Finance,0.85
Identifying wasteful spending,IAB13 Personal Finance,0.85
How to cancel unused services,IAB13 Personal Finance,0.85
Canceling auto-renewals,IAB13 Personal Finance,0.85
Using bank alerts to control spending,IAB13 Personal Finance,0.85
Saving money on streaming services,IAB13 Personal Finance,0.85
Sharing streaming subscriptions legally,IAB13 Personal Finance,0.85
Reducing cable and phone bills,IAB13 Personal Finance,0.85
Budgeting for internet and utilities,IAB13 Personal Finance,0.85
Tips for cutting grocery costs,IAB13 Personal Finance,0.85
Buying generic vs name brand,IAB13 Personal Finance,0.85
Meal planning for savings,IAB13 Personal Finance,0.85
Using store loyalty programs,IAB13 Personal Finance,0.85
Shopping with a list,IAB13 Personal Finance,0.85
Buying in bulk wisely,IAB13 Personal Finance,0.85
Budgeting for pet expenses,IAB13 Personal Finance,0.85
Planning for vet visits,IAB13 Personal Finance,0.85
Saving for pet emergencies,IAB13 Personal Finance,0.85
Pet insurance vs savings account,IAB13 Personal Finance,0.85
Budgeting for home upgrades,IAB13 Personal Finance,0.85
Creating a home maintenance plan,IAB13 Personal Finance,0.85
DIY vs hiring a contractor,IAB13 Personal Finance,0.85
Comparing contractor estimates,IAB13 Personal Finance,0.85
Setting home renovation priorities,IAB13 Personal Finance,0.85
Budgeting for a baby shower,IAB13 Personal Finance,0.85
Planning a budget wedding,IAB13 Personal Finance,0.85
Saving money on a honeymoon,IAB13 Personal Finance,0.85
Financial checklist for engagement,IAB13 Personal Finance,0.85
Discussing finances before marriage,IAB13 Personal Finance,0.85
Financial goals as a couple,IAB13 Personal Finance,0.85
Financial check-ins with your spouse,IAB13 Personal Finance,0.85
Handling financial disagreements,IAB13 Personal Finance,0.85
Teaching kids about allowance,IAB13 Personal Finance,0.85
Encouraging saving habits early,IAB13 Personal Finance,0.85
Setting teen budget guidelines,IAB13 Personal Finance,0.85
Opening a student bank account,IAB13 Personal Finance,0.85
Managing a first paycheck,IAB13 Personal Finance,0.85
Teaching budgeting in schools,IAB13 Personal Finance,0.85
Saving for college with a 529,IAB13 Personal Finance,0.85
Using grants and scholarships,IAB13 Personal Finance,0.85
FAFSA step-by-step guide,IAB13 Personal Finance,0.85
Budgeting for graduate school,IAB13 Personal Finance,0.85
Reducing college textbook costs,IAB13 Personal Finance,0.85
Side gigs for students,IAB13 Personal Finance,0.85
How to handle refunds responsibly,IAB13 Personal Finance,0.85
Planning for tuition hikes,IAB13 Personal Finance,0.85
Building credit in college,IAB13 Personal Finance,0.85
Avoiding credit traps in school,IAB13 Personal Finance,0.85
Budgeting after college,IAB13 Personal Finance,0.85
Setting financial goals post-grad,IAB13 Personal Finance,0.85
First apartment cost checklist,IAB13 Personal Finance,0.85
Budgeting for moving expenses,IAB13 Personal Finance,0.85
Financial checklist for relocation,IAB13 Personal Finance,0.85
What is renters insurance?,IAB13 Personal Finance,0.85
Budgeting for job relocation,IAB13 Personal Finance,0.85
Creating a moving fund,IAB13 Personal Finance,0.85
Comparing cost of living by city501. Budgeting for visa fees,IAB13 Personal Finance,0.85
Understanding foreign transaction fees,IAB13 Personal Finance,0.85
Managing money while traveling abroad,IAB13 Personal Finance,0.85
Using travel cards internationally,IAB13 Personal Finance,0.85
Setting a travel savings goal,IAB13 Personal Finance,0.85
Currency exchange tips,IAB13 Personal Finance,0.85
Avoiding ATM fees overseas,IAB13 Personal Finance,0.85
Planning a travel budget spreadsheet,IAB13 Personal Finance,0.85
Budget airlines vs full service,IAB13 Personal Finance,0.85
Creating a vacation fund,IAB13 Personal Finance,0.85
Planning a sabbatical budget,IAB13 Personal Finance,0.85
Saving money while studying abroad,IAB13 Personal Finance,0.85
Budgeting as an expat,IAB13 Personal Finance,0.85
How to transfer money internationally,IAB13 Personal Finance,0.85
Sending money to family overseas,IAB13 Personal Finance,0.85
Understanding remittance fees,IAB13 Personal Finance,0.85
Managing cross-border financial accounts,IAB13 Personal Finance,0.85
Tax considerations for expats,IAB13 Personal Finance,0.85
Opening an international bank account,IAB13 Personal Finance,0.85
Managing finances between currencies,IAB13 Personal Finance,0.85
Planning for career breaks financially,IAB13 Personal Finance,0.85
Emergency fund during unemployment,IAB13 Personal Finance,0.85
Strategies for temporary job loss,IAB13 Personal Finance,0.85
Budgeting during economic downturns,IAB13 Personal Finance,0.85
Creating a bare-bones budget,IAB13 Personal Finance,0.85
Prioritizing essential expenses,IAB13 Personal Finance,0.85
Downsizing to reduce costs,IAB13 Personal Finance,0.85
Canceling non-essentials during hardship,IAB13 Personal Finance,0.85
Government aid and eligibility,IAB13 Personal Finance,0.85
Unemployment benefits explained,IAB13 Personal Finance,0.85
Budgeting for remote work,IAB13 Personal Finance,0.85
Saving money on commuting,IAB13 Personal Finance,0.85
Home office tax deduction,IAB13 Personal Finance,0.85
Cutting costs while working from home,IAB13 Personal Finance,0.85
Freelance invoicing tools,IAB13 Personal Finance,0.85
Budgeting for coworking spaces,IAB13 Personal Finance,0.85
Setting aside taxes from freelance income,IAB13 Personal Finance,0.85
Tracking self-employed expenses,IAB13 Personal Finance,0.85
Creating a business emergency fund,IAB13 Personal Finance,0.85
How to invoice clients,IAB13 Personal Finance,0.85
Managing cash flow as a solopreneur,IAB13 Personal Finance,0.85
Budgeting for marketing costs,IAB13 Personal Finance,0.85
Using free tools to manage finances,IAB13 Personal Finance,0.85
Scaling a business on a budget,IAB13 Personal Finance,0.85
Budgeting for equipment purchases,IAB13 Personal Finance,0.85
Saving money on software,IAB13 Personal Finance,0.85
Budgeting for a digital nomad lifestyle,IAB13 Personal Finance,0.85
Planning finances while working abroad,IAB13 Personal Finance,0.85
Cost of living comparison tools,IAB13 Personal Finance,0.85
Monthly expense tracker template,IAB13 Personal Finance,0.85
Creating a minimalist budget,IAB13 Personal Finance,0.85
Zero-based budgeting example,IAB13 Personal Finance,0.85
Prioritizing financial goals,IAB13 Personal Finance,0.85
Allocating income effectively,IAB13 Personal Finance,0.85
How to categorize expenses,IAB13 Personal Finance,0.85
Setting annual financial goals,IAB13 Personal Finance,0.85
Reviewing finances quarterly,IAB13 Personal Finance,0.85
Creating a financial vision for the year,IAB13 Personal Finance,0.85
Monthly money habits to build,IAB13 Personal Finance,0.85
Best budgeting apps for couples,IAB13 Personal Finance,0.85
Financial accountability partner benefits,IAB13 Personal Finance,0.85
Building long-term wealth,IAB13 Personal Finance,0.85
Wealth building strategies,IAB13 Personal Finance,0.85
Difference between being rich and wealthy,IAB13 Personal Finance,0.85
Financial habits of millionaires,IAB13 Personal Finance,0.85
Steps to reach financial freedom,IAB13 Personal Finance,0.85
Investing for passive income,IAB13 Personal Finance,0.85
High-yield investments to consider,IAB13 Personal Finance,0.85
Comparing real estate vs stocks,IAB13 Personal Finance,0.85
Understanding risk tolerance,IAB13 Personal Finance,0.85
Creating an investment strategy,IAB13 Personal Finance,0.85
Tax-advantaged investing,IAB13 Personal Finance,0.85
Using a Roth IRA to invest,IAB13 Personal Finance,0.85
Investing outside retirement accounts,IAB13 Personal Finance,0.85
Budgeting for tax season,IAB13 Personal Finance,0.85
Tax refund planning,IAB13 Personal Finance,0.85
Best way to use a tax refund,IAB13 Personal Finance,0.85
Budgeting for quarterly taxes,IAB13 Personal Finance,0.85
Keeping tax documents organized,IAB13 Personal Finance,0.85
When to hire a CPA,IAB13 Personal Finance,0.85
Tax planning vs tax filing,IAB13 Personal Finance,0.85
Avoiding common tax mistakes,IAB13 Personal Finance,0.85
Understanding itemized deductions,IAB13 Personal Finance,0.85
Common tax credits for families,IAB13 Personal Finance,0.85
Saving money on property taxes,IAB13 Personal Finance,0.85
Claiming deductions for work expenses,IAB13 Personal Finance,0.85
Tax implications of freelance work,IAB13 Personal Finance,0.85
Capital gains tax explained,IAB13 Personal Finance,0.85
How dividends are taxed,IAB13 Personal Finance,0.85
Withholding adjustments at work,IAB13 Personal Finance,0.85
Planning for medical costs,IAB13 Personal Finance,0.85
Using an HSA strategically,IAB13 Personal Finance,0.85
Budgeting for long-term care,IAB13 Personal Finance,0.85
Financial planning for chronic illness,IAB13 Personal Finance,0.85
Budgeting after a health diagnosis,IAB13 Personal Finance,0.85
Saving for dental procedures,IAB13 Personal Finance,0.85
Using a flexible spending account,IAB13 Personal Finance,0.85
Managing insurance deductibles,IAB13 Personal Finance,0.85
Setting a health savings goal,IAB13 Personal Finance,0.85
Creating a medical emergency fund,IAB13 Personal Finance,0.85
What is a financial buffer?,IAB13 Personal Finance,0.85
Setting up an emergency savings ladder,IAB13 Personal Finance,0.85
How to weather financial storms,IAB13 Personal Finance,0.85
Planning for income disruptions,IAB13 Personal Finance,0.85
Reducing reliance on credit cards,IAB13 Personal Finance,0.85
Saving money on prescription drugs,IAB13 Personal Finance,0.85
Discount programs for prescriptions,IAB13 Personal Finance,0.85
Using GoodRx or similar tools,IAB13 Personal Finance,0.85
Budgeting for health insurance premiums,IAB13 Personal Finance,0.85
Understanding out-of-pocket maximums,IAB13 Personal Finance,0.85
Saving for long-term disability,IAB13 Personal Finance,0.85
Comparing disability insurance plans,IAB13 Personal Finance,0.85
Health cost sharing plans explained,IAB13 Personal Finance,0.85
Preparing for out-of-network charges,IAB13 Personal Finance,0.85
Choosing an insurance deductible wisely,IAB13 Personal Finance,0.85
Understanding your EOB statement,IAB13 Personal Finance,0.85
Using FSA dollars before deadline,IAB13 Personal Finance,0.85
Year-end FSA spending ideas,IAB13 Personal Finance,0.85
What to do with unused FSA funds,IAB13 Personal Finance,0.85
Avoiding flexible spending account waste,IAB13 Personal Finance,0.85
Setting financial boundaries,IAB13 Personal Finance,0.85
Splitting bills with roommates,IAB13 Personal Finance,0.85
Managing money in a household,IAB13 Personal Finance,0.85
Equal vs proportional expense sharing,IAB13 Personal Finance,0.85
Budgeting for blended families,IAB13 Personal Finance,0.85
Planning a family budget meeting,IAB13 Personal Finance,0.85
Sharing financial responsibilities fairly,IAB13 Personal Finance,0.85
Financial checklist for new parents,IAB13 Personal Finance,0.85
Preparing for adoption costs,IAB13 Personal Finance,0.85
Tracking childcare expenses,IAB13 Personal Finance,0.85
Saving for future education,IAB13 Personal Finance,0.85
Deciding between public and private school,IAB13 Personal Finance,0.85
Managing finances with special needs children,IAB13 Personal Finance,0.85
Saving for extracurricular activities,IAB13 Personal Finance,0.85
Planning for summer camp costs,IAB13 Personal Finance,0.85
Creating a back-to-school budget,IAB13 Personal Finance,0.85
Setting up chore-based allowances,IAB13 Personal Finance,0.85
Teaching kids about earning,IAB13 Personal Finance,0.85
Encouraging financial responsibility in teens,IAB13 Personal Finance,0.85
Setting teen spending boundaries,IAB13 Personal Finance,0.85
Opening a teen savings account,IAB13 Personal Finance,0.85
Helping teens track spending,IAB13 Personal Finance,0.85
Financial literacy games for kids,IAB13 Personal Finance,0.85
Family finance discussions made simple,IAB13 Personal Finance,0.85
How to give without enabling,IAB13 Personal Finance,0.85
Financial caregiving for aging relatives,IAB13 Personal Finance,0.85
Budgeting for elder care costs,IAB13 Personal Finance,0.85
When to consider assisted living,IAB13 Personal Finance,0.85
Using long-term care insurance,IAB13 Personal Finance,0.85
Managing joint accounts with parents,IAB13 Personal Finance,0.85
Handling finances with cognitive decline,IAB13 Personal Finance,0.85
Planning for inheritance discussions,IAB13 Personal Finance,0.85
Setting up power of attorney,IAB13 Personal Finance,0.85
Understanding guardianship and conservatorship,IAB13 Personal Finance,0.85
Using a family trust,IAB13 Personal Finance,0.85
Avoiding will disputes,IAB13 Personal Finance,0.85
Storing estate documents safely,IAB13 Personal Finance,0.85
Estate executor duties,IAB13 Personal Finance,0.85
Handling estate debts and taxes,IAB13 Personal Finance,0.85
Probate timeline and costs,IAB13 Personal Finance,0.85
Charitable giving from retirement accounts,IAB13 Personal Finance,0.85
Donor-advised funds explained,IAB13 Personal Finance,0.85
Planning legacy gifts,IAB13 Personal Finance,0.85
Estate tax thresholds and rules,IAB13 Personal Finance,0.85
Planning charitable giving strategy,IAB13 Personal Finance,0.85
Giving while living strategy,IAB13 Personal Finance,0.85
Budgeting after job loss,IAB13 Personal Finance,0.85
Handling a pay cut,IAB13 Personal Finance,0.85
Filing for unemployment,IAB13 Personal Finance,0.85
Finding bridge income,IAB13 Personal Finance,0.85
Using gig apps for side money,IAB13 Personal Finance,0.85
Selling clutter for cash,IAB13 Personal Finance,0.85
Monetizing a hobby,IAB13 Personal Finance,0.85
Starting a YouTube channel for income,IAB13 Personal Finance,0.85
Budgeting on irregular income,IAB13 Personal Finance,0.85
Managing cash flow in uncertain times,IAB13 Personal Finance,0.85
Saving during economic recovery,IAB13 Personal Finance,0.85
How to recession-proof your finances,IAB13 Personal Finance,0.85
Rebuilding credit after default,IAB13 Personal Finance,0.85
Steps to remove credit report errors,IAB13 Personal Finance,0.85
How to write a goodwill letter,IAB13 Personal Finance,0.85
Re-establishing financial trust with lenders,IAB13 Personal Finance,0.85
Secured cards for rebuilding credit,IAB13 Personal Finance,0.85
Improving credit with timely payments,IAB13 Personal Finance,0.85
Budgeting for technology upgrades,IAB13 Personal Finance,0.85
Saving for new devices,IAB13 Personal Finance,0.85
When to finance electronics,IAB13 Personal Finance,0.85
Using buy now pay later responsibly,IAB13 Personal Finance,0.85
Avoiding impulse tech purchases,IAB13 Personal Finance,0.85
Comparing phone plans to save money,IAB13 Personal Finance,0.85
Cutting subscription traps,IAB13 Personal Finance,0.85
Evaluating recurring app charges,IAB13 Personal Finance,0.85
Using budgeting categories in apps,IAB13 Personal Finance,0.85
Personal finance templates to use,IAB13 Personal Finance,0.85
Building a financial habits tracker,IAB13 Personal Finance,0.85
Creating visual goals for saving,IAB13 Personal Finance,0.85
Building a simple budget from scratch,IAB13 Personal Finance,0.85
Living below your means calculator,IAB13 Personal Finance,0.85
Setting your own financial rules,IAB13 Personal Finance,0.85
Tracking daily money habits,IAB13 Personal Finance,0.85
What is a sinking fund?,IAB13 Personal Finance,0.85
Sinking fund vs savings,IAB13 Personal Finance,0.85
Budgeting for car repairs,IAB13 Personal Finance,0.85
Saving for a car down payment,IAB13 Personal Finance,0.85
How to negotiate car prices,IAB13 Personal Finance,0.85
Financing vs leasing a car,IAB13 Personal Finance,0.85
Tips for trading in your car,IAB13 Personal Finance,0.85
Reducing auto insurance premiums,IAB13 Personal Finance,0.85
Understanding your auto loan terms,IAB13 Personal Finance,0.85
Using a car budget calculator,IAB13 Personal Finance,0.85
Planning for homeownership,IAB13 Personal Finance,0.85
Saving for a mortgage down payment,IAB13 Personal Finance,0.85
Comparing mortgage lenders,IAB13 Personal Finance,0.85
What affects mortgage rates?,IAB13 Personal Finance,0.85
Fixed-rate vs adjustable-rate mortgage,IAB13 Personal Finance,0.85
Understanding closing costs,IAB13 Personal Finance,0.85
What is private mortgage insurance?,IAB13 Personal Finance,0.85
How to pay off your mortgage early,IAB13 Personal Finance,0.85
Budgeting for property taxes,IAB13 Personal Finance,0.85
Budgeting for home insurance,IAB13 Personal Finance,0.85
Monthly escrow explained,IAB13 Personal Finance,0.85
Saving for home maintenance,IAB13 Personal Finance,0.85
How to handle unexpected home repairs,IAB13 Personal Finance,0.85
Should I get a home warranty?,IAB13 Personal Finance,0.85
Planning for appliance replacement,IAB13 Personal Finance,0.85
Budgeting for landscaping costs,IAB13 Personal Finance,0.85
Saving for home renovations,IAB13 Personal Finance,0.85
Renovation loan options,IAB13 Personal Finance,0.85
Creating a home upgrade timeline,IAB13 Personal Finance,0.85
DIY project budgeting tips,IAB13 Personal Finance,0.85
When to hire vs DIY,IAB13 Personal Finance,0.85
Tracking household expenses,IAB13 Personal Finance,0.85
Budgeting for utilities,IAB13 Personal Finance,0.85
Reducing energy bills,IAB13 Personal Finance,0.85
Saving on water usage,IAB13 Personal Finance,0.85
Budgeting for garbage and recycling,IAB13 Personal Finance,0.85
Planning for seasonal utility spikes,IAB13 Personal Finance,0.85
Switching utility providers,IAB13 Personal Finance,0.85
Solar panel ROI calculator,IAB13 Personal Finance,0.85
Managing finances during relocation,IAB13 Personal Finance,0.85
Creating a moving budget,IAB13 Personal Finance,0.85
Finding budget movers,IAB13 Personal Finance,0.85
How to estimate moving costs,IAB13 Personal Finance,0.85
Packing supply budgeting tips,IAB13 Personal Finance,0.85
Temporary housing budgeting,IAB13 Personal Finance,0.85
Budgeting for rent increase,IAB13 Personal Finance,0.85
Rent negotiation strategies,IAB13 Personal Finance,0.85
First-time renter cost checklist,IAB13 Personal Finance,0.85
Budgeting for apartment deposits,IAB13 Personal Finance,0.85
Understanding lease terms,IAB13 Personal Finance,0.85
Roommate cost-splitting tips,IAB13 Personal Finance,0.85
Managing shared expenses with apps,IAB13 Personal Finance,0.85
Budgeting for home security systems,IAB13 Personal Finance,0.85
Cost of smart home devices,IAB13 Personal Finance,0.85
Reducing security monitoring fees,IAB13 Personal Finance,0.85
Protecting your home investment,IAB13 Personal Finance,0.85
Budgeting for pets,IAB13 Personal Finance,0.85
Comparing pet insurance plans,IAB13 Personal Finance,0.85
Emergency vet care planning,IAB13 Personal Finance,0.85
Planning pet-related savings,IAB13 Personal Finance,0.85
Budgeting for new pet adoption,IAB13 Personal Finance,0.85
Budgeting for pet supplies,IAB13 Personal Finance,0.85
Cost comparison: dogs vs cats,IAB13 Personal Finance,0.85
Budgeting for travel with pets,IAB13 Personal Finance,0.85
Pet-sitting vs boarding cost analysis,IAB13 Personal Finance,0.85
Creating a pet emergency fund,IAB13 Personal Finance,0.85
Budgeting after a major life event,IAB13 Personal Finance,0.85
Financial planning after marriage,IAB13 Personal Finance,0.85
Budgeting for a divorce,IAB13 Personal Finance,0.85
Financial steps after a breakup,IAB13 Personal Finance,0.85
How to divide shared finances,IAB13 Personal Finance,0.85
Recovering from financial infidelity,IAB13 Personal Finance,0.85
Updating financial documents after divorce,IAB13 Personal Finance,0.85
Managing child support payments,IAB13 Personal Finance,0.85
Budgeting for co-parenting expenses,IAB13 Personal Finance,0.85
Creating a financial custody agreement,IAB13 Personal Finance,0.85
Handling alimony payments,IAB13 Personal Finance,0.85
Budgeting for legal fees,IAB13 Personal Finance,0.85
Managing financial grief after loss,IAB13 Personal Finance,0.85
Inheritance budgeting and planning,IAB13 Personal Finance,0.85
Estate transition cost checklist,IAB13 Personal Finance,0.85
Budgeting for a memorial service,IAB13 Personal Finance,0.85
Reducing funeral costs,IAB13 Personal Finance,0.85
Understanding death benefits,IAB13 Personal Finance,0.85
Insurance planning after a death,IAB13 Personal Finance,0.85
Updating beneficiaries and wills,IAB13 Personal Finance,0.85
Navigating probate expenses,IAB13 Personal Finance,0.85
Closing a deceased loved one’s accounts,IAB13 Personal Finance,0.85
Document checklist after a loss,IAB13 Personal Finance,0.85
Financial planning after retirement,IAB13 Personal Finance,0.85
Transitioning from saving to spending,IAB13 Personal Finance,0.85
How to avoid overspending in retirement,IAB13 Personal Finance,0.85
Managing fixed income,IAB13 Personal Finance,0.85
Budgeting with Social Security,IAB13 Personal Finance,0.85
Planning for required minimum distributions,IAB13 Personal Finance,0.85
Creating a legacy plan,IAB13 Personal Finance,0.85
Downsizing in retirement,IAB13 Personal Finance,0.85
Traveling on a retirement budget,IAB13 Personal Finance,0.85
Health budgeting for retirees,IAB13 Personal Finance,0.85
Retirement estate planning checklist,IAB13 Personal Finance,0.85
Saving money on gym memberships,IAB13 Personal Finance,0.85
Budgeting for self-care expenses,IAB13 Personal Finance,0.85
Financial tips for single parents,IAB13 Personal Finance,0.85
Affordable housing options explained,IAB13 Personal Finance,0.85
How to qualify for housing assistance,IAB13 Personal Finance,0.85
Planning for life after retirement,IAB13 Personal Finance,0.85
Budgeting for community college,IAB13 Personal Finance,0.85
Planning a child’s financial education,IAB13 Personal Finance,0.85
Saving for a special needs trust,IAB13 Personal Finance,0.85
What is a budget audit?,IAB13 Personal Finance,0.85
Financial spring cleaning checklist,IAB13 Personal Finance,0.85
Creating a debt-free journey plan,IAB13 Personal Finance,0.85
Financial planner vs financial coach,IAB13 Personal Finance,0.85
Budgeting for hobby expenses,IAB13 Personal Finance,0.85
Turning hobbies into income,IAB13 Personal Finance,0.85
Budgeting for festivals and events,IAB13 Personal Finance,0.85
Managing a cash-only lifestyle,IAB13 Personal Finance,0.85
Using prepaid cards for budgeting,IAB13 Personal Finance,0.85
Simplifying your financial life,IAB13 Personal Finance,0.85
Minimalist budgeting methods,IAB13 Personal Finance,0.85
What is mindful spending?,IAB13 Personal Finance,0.85
Emotional spending triggers to avoid,IAB13 Personal Finance,0.85
Planning a money detox,IAB13 Personal Finance,0.85
Benefits of delayed gratification,IAB13 Personal Finance,0.85
Setting up financial milestones,IAB13 Personal Finance,0.85
Long-term vs short-term money goals,IAB13 Personal Finance,0.85
Using SMART goals in finance,IAB13 Personal Finance,0.85
Visualization for financial success,IAB13 Personal Finance,0.85
Using affirmation for money mindset,IAB13 Personal Finance,0.85
Tools for tracking money goals,IAB13 Personal Finance,0.85
How to reset financially after a setback,IAB13 Personal Finance,0.85
Building resilience through budgeting,IAB13 Personal Finance,0.85
Cost of living vs quality of life,IAB13 Personal Finance,0.85
Budgeting for digital subscriptions,IAB13 Personal Finance,0.85
Evaluating software and app spending,IAB13 Personal Finance,0.85
Tips for avoiding hidden fees,IAB13 Personal Finance,0.85
How to read the fine print in contracts,IAB13 Personal Finance,0.85
Canceling unnecessary banking products,IAB13 Personal Finance,0.85
Avoiding predatory financial services,IAB13 Personal Finance,0.85
Recognizing financial red flags,IAB13 Personal Finance,0.85
How to avoid get-rich-quick traps,IAB13 Personal Finance,0.85
Budgeting for education as an adult,IAB13 Personal Finance,0.85
Paying for night school or certifications,IAB13 Personal Finance,0.85
Using employer tuition reimbursement,IAB13 Personal Finance,0.85
Financing bootcamps or online courses,IAB13 Personal Finance,0.85
Comparing online education costs,IAB13 Personal Finance,0.85
Tracking net income vs gross income,IAB13 Personal Finance,0.85
Analyzing past spending habits,IAB13 Personal Finance,0.85
Reviewing year-end finances,IAB13 Personal Finance,0.85
Setting quarterly finance checkpoints,IAB13 Personal Finance,0.85
Using financial dashboards,IAB13 Personal Finance,0.85
Integrating finance apps with calendars,IAB13 Personal Finance,0.85
Weekly vs bi-weekly paychecks,IAB13 Personal Finance,0.85
Understanding payroll deductions,IAB13 Personal Finance,0.85
Decoding benefits packages,IAB13 Personal Finance,0.85
Using a 401k calculator,IAB13 Personal Finance,0.85
Estimating pension benefits,IAB13 Personal Finance,0.85
Understanding Social Security benefits,IAB13 Personal Finance,0.85
Budgeting for relocation abroad,IAB13 Personal Finance,0.85
Getting your finances expat-ready,IAB13 Personal Finance,0.85
Preparing financially for immigration,IAB13 Personal Finance,0.85
Understanding currency conversion fees,IAB13 Personal Finance,0.85
Building international credit,IAB13 Personal Finance,0.85
Managing global bank accounts,IAB13 Personal Finance,0.85
How to budget during political uncertainty,IAB13 Personal Finance,0.85
Saving during global inflation,IAB13 Personal Finance,0.85
Managing money during conflict,IAB13 Personal Finance,0.85
Emergency finance plan for disasters,IAB13 Personal Finance,0.85
Creating a go-bag budget,IAB13 Personal Finance,0.85
Financial preparedness checklist,IAB13 Personal Finance,0.85
Budgeting for prepping supplies,IAB13 Personal Finance,0.85
Funding relocation due to climate events,IAB13 Personal Finance,0.85
Building a resilient household budget,IAB13 Personal Finance,0.85
Using cash during crises,IAB13 Personal Finance,0.85
Backup financial tools and systems,IAB13 Personal Finance,0.85
Protecting your savings during emergencies,IAB13 Personal Finance,0.85
Saving physical copies of financial records,IAB13 Personal Finance,0.85
Emergency contacts and money access,IAB13 Personal Finance,0.85
Traveling with limited funds,IAB13 Personal Finance,0.85
What to do if stranded abroad,IAB13 Personal Finance,0.85
Low-income budgeting strategies,IAB13 Personal Finance,0.85
Avoiding overdraft and NSF fees,IAB13 Personal Finance,0.85
Financial options for the unbanked,IAB13 Personal Finance,0.85
Opening a bank account with bad credit,IAB13 Personal Finance,0.85
Navigating payday loan traps,IAB13 Personal Finance,0.85
Microloans and alternative funding,IAB13 Personal Finance,0.85
How to build credit without debt,IAB13 Personal Finance,0.85
Becoming financially literate,IAB13 Personal Finance,0.85
Free finance resources online,IAB13 Personal Finance,0.85
Budgeting for unemployed youth,IAB13 Personal Finance,0.85
Financial planning for caregivers,IAB13 Personal Finance,0.85
Budgeting for elder living communities,IAB13 Personal Finance,0.85
Talking money with aging parents,IAB13 Personal Finance,0.85
Managing sibling financial responsibility,IAB13 Personal Finance,0.85
Organizing family estate documents,IAB13 Personal Finance,0.85
Transferring wealth fairly,IAB13 Personal Finance,0.85
Preventing financial elder abuse,IAB13 Personal Finance,0.85
Avoiding family money drama,IAB13 Personal Finance,0.85
Setting up clear financial roles,IAB13 Personal Finance,0.85
Establishing household financial rules901. When to update your budget,IAB13 Personal Finance,0.85
How often should I review finances?,IAB13 Personal Finance,0.85
Using calendar reminders for bills,IAB13 Personal Finance,0.85
Tracking annual subscriptions,IAB13 Personal Finance,0.85
Preparing for major purchases,IAB13 Personal Finance,0.85
Using cashback rewards for savings,IAB13 Personal Finance,0.85
Tracking cash transactions manually,IAB13 Personal Finance,0.85
Building a budgeting habit,IAB13 Personal Finance,0.85
Daily budget check-in tips,IAB13 Personal Finance,0.85
Monthly financial reflection questions,IAB13 Personal Finance,0.85
How to spot wasteful habits,IAB13 Personal Finance,0.85
Journaling your spending emotions,IAB13 Personal Finance,0.85
How to stay accountable with money,IAB13 Personal Finance,0.85
Group savings goals with friends,IAB13 Personal Finance,0.85
Using visual charts for motivation,IAB13 Personal Finance,0.85
Reducing stress with budgeting,IAB13 Personal Finance,0.85
Budgeting for career change,IAB13 Personal Finance,0.85
Managing freelance uncertainty,IAB13 Personal Finance,0.85
Planning for professional sabbaticals,IAB13 Personal Finance,0.85
Financial prep before quitting a job,IAB13 Personal Finance,0.85
Budgeting for a second degree,IAB13 Personal Finance,0.85
Preparing for relocation abroad,IAB13 Personal Finance,0.85
Building credit in a new country,IAB13 Personal Finance,0.85
How to adjust to new cost of living,IAB13 Personal Finance,0.85
Creating a transition savings buffer,IAB13 Personal Finance,0.85
Learning local tax systems,IAB13 Personal Finance,0.85
How to manage dual-currency accounts,IAB13 Personal Finance,0.85
Budgeting for international schools,IAB13 Personal Finance,0.85
Planning to retire abroad,IAB13 Personal Finance,0.85
Retirement visas and finances,IAB13 Personal Finance,0.85
Accessing retirement accounts overseas,IAB13 Personal Finance,0.85
Paying taxes while abroad,IAB13 Personal Finance,0.85
Understanding currency fluctuations,IAB13 Personal Finance,0.85
Insurance for expats,IAB13 Personal Finance,0.85
Managing remote work income,IAB13 Personal Finance,0.85
Tax implications of digital nomad life,IAB13 Personal Finance,0.85
Saving for international emergencies,IAB13 Personal Finance,0.85
Investing from overseas,IAB13 Personal Finance,0.85
Tips for international wire transfers,IAB13 Personal Finance,0.85
Bank safety abroad,IAB13 Personal Finance,0.85
Protecting finances while traveling,IAB13 Personal Finance,0.85
Personal finance for remote workers,IAB13 Personal Finance,0.85
Optimizing remote income,IAB13 Personal Finance,0.85
Home office budgeting,IAB13 Personal Finance,0.85
Budgeting for co-living spaces,IAB13 Personal Finance,0.85
Tips for low-cost living abroad,IAB13 Personal Finance,0.85
Building a minimalist budget abroad,IAB13 Personal Finance,0.85
Safety net for location-independent life,IAB13 Personal Finance,0.85
How to avoid travel money traps,IAB13 Personal Finance,0.85
Managing roaming and tech costs,IAB13 Personal Finance,0.85
How to finance a sabbatical,IAB13 Personal Finance,0.85
Budgeting for time off work,IAB13 Personal Finance,0.85
Planning a financial runway,IAB13 Personal Finance,0.85
How to pivot careers financially,IAB13 Personal Finance,0.85
Balancing job passion and money,IAB13 Personal Finance,0.85
Funding creative work sustainably,IAB13 Personal Finance,0.85
Creating income from writing,IAB13 Personal Finance,0.85
Monetizing online content,IAB13 Personal Finance,0.85
Budgeting for content creators,IAB13 Personal Finance,0.85
Financial tips for YouTubers,IAB13 Personal Finance,0.85
Managing ad income,IAB13 Personal Finance,0.85
Taxes for influencers,IAB13 Personal Finance,0.85
Saving for equipment upgrades,IAB13 Personal Finance,0.85
Budgeting for editing tools,IAB13 Personal Finance,0.85
Hiring a team with a budget,IAB13 Personal Finance,0.85
Tracking expenses for deductions,IAB13 Personal Finance,0.85
Financial planning for artists,IAB13 Personal Finance,0.85
Understanding art grants and income,IAB13 Personal Finance,0.85
Budgeting irregular gallery sales,IAB13 Personal Finance,0.85
Artist residencies and budgeting,IAB13 Personal Finance,0.85
Building a financial buffer as a creative,IAB13 Personal Finance,0.85
Managing project-based income,IAB13 Personal Finance,0.85
How to fund your first project,IAB13 Personal Finance,0.85
Budgeting for passion projects,IAB13 Personal Finance,0.85
Setting money goals for creatives,IAB13 Personal Finance,0.85
Planning ahead for low-income months,IAB13 Personal Finance,0.85
Saving during peak income,IAB13 Personal Finance,0.85
Creative budgeting inspiration,IAB13 Personal Finance,0.85
How to handle late payments,IAB13 Personal Finance,0.85
Getting paid on time,IAB13 Personal Finance,0.85
Using contracts to protect income,IAB13 Personal Finance,0.85
Budgeting for networking events,IAB13 Personal Finance,0.85
Business cards and promo budget,IAB13 Personal Finance,0.85
Budgeting for continuing education,IAB13 Personal Finance,0.85
Subscriptions worth paying for,IAB13 Personal Finance,0.85
Eliminating digital clutter subscriptions,IAB13 Personal Finance,0.85
Choosing personal finance mentors,IAB13 Personal Finance,0.85
Joining free finance communities,IAB13 Personal Finance,0.85
Online courses for money skills,IAB13 Personal Finance,0.85
Free credit building tools,IAB13 Personal Finance,0.85
Free debt calculators,IAB13 Personal Finance,0.85
Student-friendly money tools,IAB13 Personal Finance,0.85
Financial planning during internships,IAB13 Personal Finance,0.85
College student loan warnings,IAB13 Personal Finance,0.85
Credit traps to avoid early,IAB13 Personal Finance,0.85
Learning from money mistakes,IAB13 Personal Finance,0.85
Building good habits after failure,IAB13 Personal Finance,0.85
Growing from financial setbacks,IAB13 Personal Finance,0.85
Starting fresh with a new plan,IAB13 Personal Finance,0.85
Staying consistent with financesiculty?,IAB13 Personal Finance,0.85
